[[{"tile":{"textureIndex":3,"rotation":0},"item":{"textureIndex":8,"rotation":0},"obstacle":{"textureIndex":8,"rotation":0},"entity":{"textureIndex":"8","rotation":"0","health":0}},{"tile":{"textureIndex":3,"rotation":0},"item":{"textureIndex":8,"rotation":0},"obstacle":{"textureIndex":8,"rotation":0},"entity":{"textureIndex":8,"rotation":0,"health":0}},{"tile":{"textureIndex":3,"rotation":0},"item":{"textureIndex":8,"rotation":0},"obstacle":{"textureIndex":8,"rotation":0},"entity":{"textureIndex":8,"rotation":0,"health":0}},{"tile":{"textureIndex":3,"rotation":0},"item":{"textureIndex":8,"rotation":0},"obstacle":{"textureIndex":6,"rotation":0},"entity":{"textureIndex":8,"rotation":0,"health":0}},{"tile":{"textureIndex":5,"rotation":0},"item":{"textureIndex":8,"rotation":0},"obstacle":{"textureIndex":8,"rotation":0},"entity":{"textureIndex":8,"rotation":0,"health":0}},{"tile":{"textureIndex":5,"rotation":0},"item":{"textureIndex":8,"rotation":0},"obstacle":{"textureIndex":8,"rotation":0},"entity":{"textureIndex":8,"rotation":0,"health":0}},{"tile":{"textureIndex":5,"rotation":0},"item":{"textureIndex":8,"rotation":0},"obstacle":{"textureIndex":8,"rotation":0},"entity":{"textureIndex":11,"rotation":0,"health":5}},{"tile":{"textureIndex":5,"rotation":0},"item":{"textureIndex":8,"rotation":0},"obstacle":{"textureIndex":8,"rotation":0},"entity":{"textureIndex":8,"rotation":0,"health":0}},{"tile":{"textureIndex":3,"rotation":0},"item":{"textureIndex":8,"rotation":0},"obstacle":{"textureIndex":8,"rotation":0},"entity":{"textureIndex":8,"rotation":0,"health":0}},{"tile":{"textureIndex":3,"rotation":0},"item":{"textureIndex":7,"rotation":0},"obstacle":{"textureIndex":8,"rotation":0},"entity":{"textureIndex":8,"rotation":0,"health":0}},{"tile":{"textureIndex":3,"rotation":0},"item":{"textureIndex":8,"rotation":0},"obstacle":{"textureIndex":8,"rotation":0},"entity":{"textureIndex":8,"rotation":0,"health":0}},{"tile":{"textureIndex":3,"rotation":0},"item":{"textureIndex":8,"rotation":0},"obstacle":{"textureIndex":8,"rotation":0},"entity":{"textureIndex":8,"rotation":0,"health":0}},{"tile":{"textureIndex":3,"rotation":0},"item":{"textureIndex":8,"rotation":0},"obstacle":{"textureIndex":8,"rotation":0},"entity":{"textureIndex":8,"rotation":0,"health":0}}],[{"tile":{"textureIndex":3,"rotation":0},"item":{"textureIndex":8,"rotation":0},"obstacle":{"textureIndex":8,"rotation":0},"entity":{"textureIndex":8,"rotation":0,"health":0}},{"tile":{"textureIndex":3,"rotation":0},"item":{"textureIndex":8,"rotation":0},"obstacle":{"textureIndex":6,"rotation":0},"entity":{"textureIndex":8,"rotation":0,"health":0}},{"tile":{"textureIndex":3,"rotation":0},"item":{"textureIndex":8,"rotation":0},"obstacle":{"textureIndex":8,"rotation":0},"entity":{"textureIndex":8,"rotation":0,"health":0}},{"tile":{"textureIndex":3,"rotation":0},"item":{"textureIndex":8,"rotation":0},"obstacle":{"textureIndex":8,"rotation":0},"entity":{"textureIndex":8,"rotation":0,"health":0}},{"tile":{"textureIndex":3,"rotation":0},"item":{"textureIndex":7,"rotation":0},"obstacle":{"textureIndex":8,"rotation":0},"entity":{"textureIndex":8,"rotation":0,"health":0}},{"tile":{"textureIndex":3,"rotation":0},"item":{"textureIndex":8,"rotation":0},"obstacle":{"textureIndex":8,"rotation":0},"entity":{"textureIndex":8,"rotation":0,"health":0}},{"tile":{"textureIndex":3,"rotation":0},"item":{"textureIndex":8,"rotation":0},"obstacle":{"textureIndex":8,"rotation":0},"entity":{"textureIndex":8,"rotation":0,"health":0}},{"tile":{"textureIndex":5,"rotation":0},"item":{"textureIndex":8,"rotation":0},"obstacle":{"textureIndex":8,"rotation":0},"entity":{"textureIndex":8,"rotation":0,"health":0}},{"tile":{"textureIndex":5,"rotation":0},"item":{"textureIndex":8,"rotation":0},"obstacle":{"textureIndex":8,"rotation":0},"entity":{"textureIndex":8,"rotation":0,"health":0}},{"tile":{"textureIndex":5,"rotation":0},"item":{"textureIndex":8,"rotation":0},"obstacle":{"textureIndex":8,"rotation":0},"entity":{"textureIndex":8,"rotation":0,"health":0}},{"tile":{"textureIndex":5,"rotation":0},"item":{"textureIndex":8,"rotation":0},"obstacle":{"textureIndex":8,"rotation":0},"entity":{"textureIndex":8,"rotation":0,"health":0}},{"tile":{"textureIndex":3,"rotation":0},"item":{"textureIndex":7,"rotation":0},"obstacle":{"textureIndex":8,"rotation":0},"entity":{"textureIndex":8,"rotation":0,"health":0}},{"tile":{"textureIndex":3,"rotation":0},"item":{"textureIndex":8,"rotation":0},"obstacle":{"textureIndex":8,"rotation":0},"entity":{"textureIndex":8,"rotation":0,"health":0}}],[{"tile":{"textureIndex":3,"rotation":0},"item":{"textureIndex":8,"rotation":0},"obstacle":{"textureIndex":8,"rotation":0},"entity":{"textureIndex":8,"rotation":0,"health":0}},{"tile":{"textureIndex":3,"rotation":0},"item":{"textureIndex":8,"rotation":0},"obstacle":{"textureIndex":8,"rotation":0},"entity":{"textureIndex":8,"rotation":0,"health":0}},{"tile":{"textureIndex":3,"rotation":0},"item":{"textureIndex":8,"rotation":0},"obstacle":{"textureIndex":8,"rotation":0},"entity":{"textureIndex":8,"rotation":0,"health":0}},{"tile":{"textureIndex":3,"rotation":0},"item":{"textureIndex":7,"rotation":0},"obstacle":{"textureIndex":8,"rotation":0},"entity":{"textureIndex":8,"rotation":0,"health":0}},{"tile":{"textureIndex":3,"rotation":0},"item":{"textureIndex":8,"rotation":0},"obstacle":{"textureIndex":8,"rotation":0},"entity":{"textureIndex":8,"rotation":0,"health":0}},{"tile":{"textureIndex":3,"rotation":0},"item":{"textureIndex":8,"rotation":0},"obstacle":{"textureIndex":8,"rotation":0},"entity":{"textureIndex":8,"rotation":0,"health":0}},{"tile":{"textureIndex":3,"rotation":0},"item":{"textureIndex":7,"rotation":0},"obstacle":{"textureIndex":8,"rotation":0},"entity":{"textureIndex":8,"rotation":0,"health":0}},{"tile":{"textureIndex":5,"rotation":0},"item":{"textureIndex":8,"rotation":0},"obstacle":{"textureIndex":8,"rotation":0},"entity":{"textureIndex":8,"rotation":0,"health":0}},{"tile":{"textureIndex":5,"rotation":0},"item":{"textureIndex":7,"rotation":0},"obstacle":{"textureIndex":8,"rotation":0},"entity":{"textureIndex":8,"rotation":0,"health":0}},{"tile":{"textureIndex":5,"rotation":0},"item":{"textureIndex":8,"rotation":0},"obstacle":{"textureIndex":8,"rotation":0},"entity":{"textureIndex":"8","rotation":"0","health":0}},{"tile":{"textureIndex":5,"rotation":0},"item":{"textureIndex":7,"rotation":0},"obstacle":{"textureIndex":8,"rotation":0},"entity":{"textureIndex":8,"rotation":0,"health":0}},{"tile":{"textureIndex":3,"rotation":0},"item":{"textureIndex":8,"rotation":0},"obstacle":{"textureIndex":8,"rotation":0},"entity":{"textureIndex":8,"rotation":0,"health":0}},{"tile":{"textureIndex":3,"rotation":0},"item":{"textureIndex":18,"rotation":0},"obstacle":{"textureIndex":8,"rotation":0},"entity":{"textureIndex":8,"rotation":0,"health":0}}],[{"tile":{"textureIndex":3,"rotation":0},"item":{"textureIndex":8,"rotation":0},"obstacle":{"textureIndex":8,"rotation":0},"entity":{"textureIndex":8,"rotation":0,"health":0}},{"tile":{"textureIndex":3,"rotation":0},"item":{"textureIndex":8,"rotation":0},"obstacle":{"textureIndex":8,"rotation":0},"entity":{"textureIndex":8,"rotation":0,"health":0}},{"tile":{"textureIndex":3,"rotation":0},"item":{"textureIndex":15,"rotation":0,"link":[10,1,"level_2"]},"obstacle":{"textureIndex":8,"rotation":0},"entity":{"textureIndex":8,"rotation":0,"health":0}},{"tile":{"textureIndex":3,"rotation":0},"item":{"textureIndex":8,"rotation":0},"obstacle":{"textureIndex":8,"rotation":0},"entity":{"textureIndex":8,"rotation":0,"health":0}},{"tile":{"textureIndex":3,"rotation":0},"item":{"textureIndex":7,"rotation":0},"obstacle":{"textureIndex":8,"rotation":0},"entity":{"textureIndex":8,"rotation":0,"health":0}},{"tile":{"textureIndex":2,"rotation":0},"item":{"textureIndex":8,"rotation":0},"obstacle":{"textureIndex":8,"rotation":0},"entity":{"textureIndex":8,"rotation":0,"health":0}},{"tile":{"textureIndex":2,"rotation":0},"item":{"textureIndex":8,"rotation":0},"obstacle":{"textureIndex":8,"rotation":0},"entity":{"textureIndex":8,"rotation":0,"health":0}},{"tile":{"textureIndex":5,"rotation":0},"item":{"textureIndex":8,"rotation":0},"obstacle":{"textureIndex":8,"rotation":0},"entity":{"textureIndex":8,"rotation":0,"health":0}},{"tile":{"textureIndex":5,"rotation":0},"item":{"textureIndex":8,"rotation":0},"obstacle":{"textureIndex":8,"rotation":0},"entity":{"textureIndex":8,"rotation":0,"health":0}},{"tile":{"textureIndex":5,"rotation":0},"item":{"textureIndex":8,"rotation":0},"obstacle":{"textureIndex":8,"rotation":0},"entity":{"textureIndex":8,"rotation":0,"health":0}},{"tile":{"textureIndex":5,"rotation":0},"item":{"textureIndex":8,"rotation":0},"obstacle":{"textureIndex":8,"rotation":0},"entity":{"textureIndex":8,"rotation":0,"health":0}},{"tile":{"textureIndex":3,"rotation":0},"item":{"textureIndex":8,"rotation":0},"obstacle":{"textureIndex":8,"rotation":0},"entity":{"textureIndex":8,"rotation":0,"health":0}},{"tile":{"textureIndex":3,"rotation":0},"item":{"textureIndex":8,"rotation":0},"obstacle":{"textureIndex":8,"rotation":0},"entity":{"textureIndex":8,"rotation":0,"health":0}}],[{"tile":{"textureIndex":5,"rotation":0},"item":{"textureIndex":8,"rotation":0},"obstacle":{"textureIndex":8,"rotation":0},"entity":{"textureIndex":8,"rotation":0,"health":0}},{"tile":{"textureIndex":3,"rotation":0},"item":{"textureIndex":8,"rotation":0},"obstacle":{"textureIndex":8,"rotation":0},"entity":{"textureIndex":8,"rotation":0,"health":0}},{"tile":{"textureIndex":3,"rotation":0},"item":{"textureIndex":8,"rotation":0},"obstacle":{"textureIndex":8,"rotation":0},"entity":{"textureIndex":8,"rotation":0,"health":0}},{"tile":{"textureIndex":3,"rotation":0},"item":{"textureIndex":8,"rotation":0},"obstacle":{"textureIndex":8,"rotation":0},"entity":{"textureIndex":8,"rotation":0,"health":0}},{"tile":{"textureIndex":2,"rotation":0},"item":{"textureIndex":8,"rotation":0},"obstacle":{"textureIndex":8,"rotation":0},"entity":{"textureIndex":8,"rotation":0,"health":0}},{"tile":{"textureIndex":2,"rotation":0},"item":{"textureIndex":8,"rotation":0},"obstacle":{"textureIndex":8,"rotation":0},"entity":{"textureIndex":8,"rotation":0,"health":0}},{"tile":{"textureIndex":2,"rotation":0},"item":{"textureIndex":8,"rotation":0},"obstacle":{"textureIndex":8,"rotation":0},"entity":{"textureIndex":8,"rotation":0,"health":0}},{"tile":{"textureIndex":2,"rotation":0},"item":{"textureIndex":8,"rotation":0},"obstacle":{"textureIndex":8,"rotation":0},"entity":{"textureIndex":8,"rotation":0,"health":0}},{"tile":{"textureIndex":5,"rotation":0},"item":{"textureIndex":8,"rotation":0},"obstacle":{"textureIndex":8,"rotation":0},"entity":{"textureIndex":8,"rotation":0,"health":0}},{"tile":{"textureIndex":5,"rotation":0},"item":{"textureIndex":8,"rotation":0},"obstacle":{"textureIndex":8,"rotation":0},"entity":{"textureIndex":8,"rotation":0,"health":0}},{"tile":{"textureIndex":3,"rotation":0},"item":{"textureIndex":8,"rotation":0},"obstacle":{"textureIndex":8,"rotation":0},"entity":{"textureIndex":8,"rotation":0,"health":0}},{"tile":{"textureIndex":3,"rotation":0},"item":{"textureIndex":8,"rotation":0},"obstacle":{"textureIndex":8,"rotation":0},"entity":{"textureIndex":8,"rotation":0,"health":0}},{"tile":{"textureIndex":5,"rotation":0},"item":{"textureIndex":8,"rotation":0},"obstacle":{"textureIndex":8,"rotation":0},"entity":{"textureIndex":8,"rotation":0,"health":0}}],[{"tile":{"textureIndex":5,"rotation":0},"item":{"textureIndex":8,"rotation":0},"obstacle":{"textureIndex":8,"rotation":0},"entity":{"textureIndex":8,"rotation":0,"health":0}},{"tile":{"textureIndex":5,"rotation":0},"item":{"textureIndex":8,"rotation":0},"obstacle":{"textureIndex":8,"rotation":0},"entity":{"textureIndex":8,"rotation":0,"health":0}},{"tile":{"textureIndex":3,"rotation":0},"item":{"textureIndex":8,"rotation":0},"obstacle":{"textureIndex":8,"rotation":0},"entity":{"textureIndex":8,"rotation":0,"health":0}},{"tile":{"textureIndex":3,"rotation":0},"item":{"textureIndex":7,"rotation":0},"obstacle":{"textureIndex":8,"rotation":0},"entity":{"textureIndex":8,"rotation":0,"health":0}},{"tile":{"textureIndex":2,"rotation":0},"item":{"textureIndex":8,"rotation":0},"obstacle":{"textureIndex":8,"rotation":0},"entity":{"textureIndex":8,"rotation":0,"health":0}},{"tile":{"textureIndex":2,"rotation":0},"item":{"textureIndex":8,"rotation":0},"obstacle":{"textureIndex":8,"rotation":0},"entity":{"textureIndex":8,"rotation":0,"health":0}},{"tile":{"textureIndex":1,"rotation":0},"item":{"textureIndex":7,"rotation":0},"obstacle":{"textureIndex":8,"rotation":0},"entity":{"textureIndex":8,"rotation":0,"health":0}},{"tile":{"textureIndex":2,"rotation":0},"item":{"textureIndex":8,"rotation":0},"obstacle":{"textureIndex":8,"rotation":0},"entity":{"textureIndex":8,"rotation":0,"health":0}},{"tile":{"textureIndex":5,"rotation":0},"item":{"textureIndex":8,"rotation":0},"obstacle":{"textureIndex":8,"rotation":0},"entity":{"textureIndex":8,"rotation":0,"health":0}},{"tile":{"textureIndex":5,"rotation":0},"item":{"textureIndex":8,"rotation":0},"obstacle":{"textureIndex":8,"rotation":0},"entity":{"textureIndex":8,"rotation":0,"health":0}},{"tile":{"textureIndex":3,"rotation":0},"item":{"textureIndex":8,"rotation":0},"obstacle":{"textureIndex":8,"rotation":0},"entity":{"textureIndex":8,"rotation":0,"health":0}},{"tile":{"textureIndex":3,"rotation":0},"item":{"textureIndex":8,"rotation":0},"obstacle":{"textureIndex":8,"rotation":0},"entity":{"textureIndex":8,"rotation":0,"health":0}},{"tile":{"textureIndex":5,"rotation":0},"item":{"textureIndex":7,"rotation":0},"obstacle":{"textureIndex":8,"rotation":0},"entity":{"textureIndex":8,"rotation":0,"health":0}}],[{"tile":{"textureIndex":5,"rotation":0},"item":{"textureIndex":7,"rotation":0},"obstacle":{"textureIndex":8,"rotation":0},"entity":{"textureIndex":8,"rotation":0,"health":0}},{"tile":{"textureIndex":3,"rotation":0},"item":{"textureIndex":8,"rotation":0},"obstacle":{"textureIndex":8,"rotation":0},"entity":{"textureIndex":8,"rotation":0,"health":0}},{"tile":{"textureIndex":3,"rotation":0},"item":{"textureIndex":8,"rotation":0},"obstacle":{"textureIndex":8,"rotation":0},"entity":{"textureIndex":8,"rotation":0,"health":0}},{"tile":{"textureIndex":2,"rotation":0},"item":{"textureIndex":8,"rotation":0},"obstacle":{"textureIndex":8,"rotation":0},"entity":{"textureIndex":8,"rotation":0,"health":0}},{"tile":{"textureIndex":2,"rotation":0},"item":{"textureIndex":8,"rotation":0},"obstacle":{"textureIndex":8,"rotation":0},"entity":{"textureIndex":8,"rotation":0,"health":0}},{"tile":{"textureIndex":1,"rotation":0},"item":{"textureIndex":7,"rotation":0},"obstacle":{"textureIndex":8,"rotation":0},"entity":{"textureIndex":8,"rotation":0,"health":0}},{"tile":{"textureIndex":1,"rotation":0},"item":{"textureIndex":8,"rotation":0},"obstacle":{"textureIndex":8,"rotation":0},"entity":{"textureIndex":8,"rotation":0,"health":0}},{"tile":{"textureIndex":2,"rotation":0},"item":{"textureIndex":8,"rotation":0},"obstacle":{"textureIndex":8,"rotation":0},"entity":{"textureIndex":8,"rotation":0,"health":0}},{"tile":{"textureIndex":2,"rotation":0},"item":{"textureIndex":8,"rotation":0},"obstacle":{"textureIndex":8,"rotation":0},"entity":{"textureIndex":8,"rotation":0,"health":0}},{"tile":{"textureIndex":5,"rotation":0},"item":{"textureIndex":8,"rotation":0},"obstacle":{"textureIndex":8,"rotation":0},"entity":{"textureIndex":8,"rotation":0,"health":0}},{"tile":{"textureIndex":3,"rotation":0},"item":{"textureIndex":8,"rotation":0},"obstacle":{"textureIndex":8,"rotation":0},"entity":{"textureIndex":8,"rotation":0,"health":0}},{"tile":{"textureIndex":3,"rotation":0},"item":{"textureIndex":8,"rotation":0},"obstacle":{"textureIndex":8,"rotation":0},"entity":{"textureIndex":8,"rotation":0,"health":0}},{"tile":{"textureIndex":5,"rotation":0},"item":{"textureIndex":7,"rotation":0},"obstacle":{"textureIndex":8,"rotation":0},"entity":{"textureIndex":8,"rotation":0,"health":0}}],[{"tile":{"textureIndex":5,"rotation":0},"item":{"textureIndex":8,"rotation":0},"obstacle":{"textureIndex":8,"rotation":0},"entity":{"textureIndex":8,"rotation":0,"health":0}},{"tile":{"textureIndex":3,"rotation":0},"item":{"textureIndex":8,"rotation":0},"obstacle":{"textureIndex":8,"rotation":0},"entity":{"textureIndex":8,"rotation":0,"health":0}},{"tile":{"textureIndex":3,"rotation":0},"item":{"textureIndex":7,"rotation":0},"obstacle":{"textureIndex":8,"rotation":0},"entity":{"textureIndex":8,"rotation":0,"health":0}},{"tile":{"textureIndex":2,"rotation":0},"item":{"textureIndex":8,"rotation":0},"obstacle":{"textureIndex":8,"rotation":0},"entity":{"textureIndex":8,"rotation":0,"health":0}},{"tile":{"textureIndex":1,"rotation":0},"item":{"textureIndex":8,"rotation":0},"obstacle":{"textureIndex":8,"rotation":0},"entity":{"textureIndex":8,"rotation":0,"health":0}},{"tile":{"textureIndex":1,"rotation":0},"item":{"textureIndex":8,"rotation":0},"obstacle":{"textureIndex":8,"rotation":0},"entity":{"textureIndex":8,"rotation":0,"health":0}},{"tile":{"textureIndex":2,"rotation":0},"item":{"textureIndex":8,"rotation":0},"obstacle":{"textureIndex":8,"rotation":0},"entity":{"textureIndex":8,"rotation":0,"health":0}},{"tile":{"textureIndex":2,"rotation":0},"item":{"textureIndex":8,"rotation":0},"obstacle":{"textureIndex":8,"rotation":0},"entity":{"textureIndex":8,"rotation":0,"health":0}},{"tile":{"textureIndex":3,"rotation":0},"item":{"textureIndex":8,"rotation":0},"obstacle":{"textureIndex":8,"rotation":0},"entity":{"textureIndex":8,"rotation":0,"health":0}},{"tile":{"textureIndex":3,"rotation":0},"item":{"textureIndex":7,"rotation":0},"obstacle":{"textureIndex":8,"rotation":0},"entity":{"textureIndex":8,"rotation":0,"health":0}},{"tile":{"textureIndex":3,"rotation":0},"item":{"textureIndex":8,"rotation":0},"obstacle":{"textureIndex":8,"rotation":0},"entity":{"textureIndex":8,"rotation":0,"health":0}},{"tile":{"textureIndex":5,"rotation":0},"item":{"textureIndex":7,"rotation":0},"obstacle":{"textureIndex":8,"rotation":0},"entity":{"textureIndex":8,"rotation":0,"health":0}},{"tile":{"textureIndex":5,"rotation":0},"item":{"textureIndex":8,"rotation":0},"obstacle":{"textureIndex":8,"rotation":0},"entity":{"textureIndex":8,"rotation":0,"health":0}}],[{"tile":{"textureIndex":5,"rotation":0},"item":{"textureIndex":7,"rotation":0},"obstacle":{"textureIndex":8,"rotation":0},"entity":{"textureIndex":8,"rotation":0,"health":0}},{"tile":{"textureIndex":5,"rotation":0},"item":{"textureIndex":8,"rotation":0},"obstacle":{"textureIndex":8,"rotation":0},"entity":{"textureIndex":8,"rotation":0,"health":0}},{"tile":{"textureIndex":3,"rotation":0},"item":{"textureIndex":8,"rotation":0},"obstacle":{"textureIndex":8,"rotation":0},"entity":{"textureIndex":8,"rotation":0,"health":0}},{"tile":{"textureIndex":2,"rotation":0},"item":{"textureIndex":8,"rotation":0},"obstacle":{"textureIndex":8,"rotation":0},"entity":{"textureIndex":8,"rotation":0,"health":0}},{"tile":{"textureIndex":1,"rotation":0},"item":{"textureIndex":7,"rotation":0},"obstacle":{"textureIndex":8,"rotation":0},"entity":{"textureIndex":8,"rotation":0,"health":0}},{"tile":{"textureIndex":1,"rotation":0},"item":{"textureIndex":7,"rotation":0},"obstacle":{"textureIndex":8,"rotation":0},"entity":{"textureIndex":8,"rotation":0,"health":0}},{"tile":{"textureIndex":9,"rotation":0},"item":{"textureIndex":8,"rotation":0},"obstacle":{"textureIndex":8,"rotation":0},"entity":{"textureIndex":8,"rotation":0,"health":0}},{"tile":{"textureIndex":2,"rotation":0},"item":{"textureIndex":8,"rotation":0},"obstacle":{"textureIndex":8,"rotation":0},"entity":{"textureIndex":8,"rotation":0,"health":0}},{"tile":{"textureIndex":3,"rotation":0},"item":{"textureIndex":8,"rotation":0},"obstacle":{"textureIndex":8,"rotation":0},"entity":{"textureIndex":8,"rotation":0,"health":0}},{"tile":{"textureIndex":3,"rotation":0},"item":{"textureIndex":8,"rotation":0},"obstacle":{"textureIndex":8,"rotation":0},"entity":{"textureIndex":8,"rotation":0,"health":0}},{"tile":{"textureIndex":3,"rotation":0},"item":{"textureIndex":8,"rotation":0},"obstacle":{"textureIndex":8,"rotation":0},"entity":{"textureIndex":8,"rotation":0,"health":0}},{"tile":{"textureIndex":5,"rotation":0},"item":{"textureIndex":8,"rotation":0},"obstacle":{"textureIndex":8,"rotation":0},"entity":{"textureIndex":8,"rotation":0,"health":0}},{"tile":{"textureIndex":4,"rotation":0},"item":{"textureIndex":8,"rotation":0},"obstacle":{"textureIndex":8,"rotation":0},"entity":{"textureIndex":8,"rotation":0,"health":0}}],[{"tile":{"textureIndex":3,"rotation":0},"item":{"textureIndex":8,"rotation":0},"obstacle":{"textureIndex":8,"rotation":0},"entity":{"textureIndex":8,"rotation":0,"health":0}},{"tile":{"textureIndex":5,"rotation":0},"item":{"textureIndex":8,"rotation":0},"obstacle":{"textureIndex":8,"rotation":0},"entity":{"textureIndex":8,"rotation":0,"health":0}},{"tile":{"textureIndex":3,"rotation":0},"item":{"textureIndex":8,"rotation":0},"obstacle":{"textureIndex":8,"rotation":0},"entity":{"textureIndex":8,"rotation":0,"health":0}},{"tile":{"textureIndex":2,"rotation":0},"item":{"textureIndex":8,"rotation":0},"obstacle":{"textureIndex":8,"rotation":0},"entity":{"textureIndex":8,"rotation":0,"health":0}},{"tile":{"textureIndex":2,"rotation":0},"item":{"textureIndex":8,"rotation":0},"obstacle":{"textureIndex":8,"rotation":0},"entity":{"textureIndex":8,"rotation":0,"health":0}},{"tile":{"textureIndex":9,"rotation":0},"item":{"textureIndex":8,"rotation":0},"obstacle":{"textureIndex":8,"rotation":0},"entity":{"textureIndex":8,"rotation":0,"health":0}},{"tile":{"textureIndex":9,"rotation":0},"item":{"textureIndex":8,"rotation":0},"obstacle":{"textureIndex":8,"rotation":0},"entity":{"textureIndex":8,"rotation":0,"health":0}},{"tile":{"textureIndex":2,"rotation":0},"item":{"textureIndex":8,"rotation":0},"obstacle":{"textureIndex":8,"rotation":0},"entity":{"textureIndex":8,"rotation":0,"health":0}},{"tile":{"textureIndex":3,"rotation":0},"item":{"textureIndex":8,"rotation":0},"obstacle":{"textureIndex":8,"rotation":0},"entity":{"textureIndex":8,"rotation":0,"health":0}},{"tile":{"textureIndex":5,"rotation":0},"item":{"textureIndex":8,"rotation":0},"obstacle":{"textureIndex":8,"rotation":0},"entity":{"textureIndex":8,"rotation":0,"health":0}},{"tile":{"textureIndex":5,"rotation":0},"item":{"textureIndex":7,"rotation":0},"obstacle":{"textureIndex":8,"rotation":0},"entity":{"textureIndex":8,"rotation":0,"health":0}},{"tile":{"textureIndex":5,"rotation":0},"item":{"textureIndex":8,"rotation":0},"obstacle":{"textureIndex":8,"rotation":0},"entity":{"textureIndex":10,"rotation":0,"health":5}},{"tile":{"textureIndex":4,"rotation":0},"item":{"textureIndex":8,"rotation":0},"obstacle":{"textureIndex":8,"rotation":0},"entity":{"textureIndex":8,"rotation":0,"health":0}}],[{"tile":{"textureIndex":3,"rotation":0},"item":{"textureIndex":8,"rotation":0},"obstacle":{"textureIndex":8,"rotation":0},"entity":{"textureIndex":8,"rotation":0,"health":0}},{"tile":{"textureIndex":3,"rotation":0},"item":{"textureIndex":7,"rotation":0},"obstacle":{"textureIndex":8,"rotation":0},"entity":{"textureIndex":8,"rotation":0,"health":0}},{"tile":{"textureIndex":3,"rotation":0},"item":{"textureIndex":8,"rotation":0},"obstacle":{"textureIndex":8,"rotation":0},"entity":{"textureIndex":8,"rotation":0,"health":0}},{"tile":{"textureIndex":3,"rotation":0},"item":{"textureIndex":8,"rotation":0},"obstacle":{"textureIndex":8,"rotation":0},"entity":{"textureIndex":8,"rotation":0,"health":0}},{"tile":{"textureIndex":3,"rotation":0},"item":{"textureIndex":8,"rotation":0},"obstacle":{"textureIndex":8,"rotation":0},"entity":{"textureIndex":8,"rotation":0,"health":0}},{"tile":{"textureIndex":9,"rotation":0},"item":{"textureIndex":8,"rotation":0},"obstacle":{"textureIndex":8,"rotation":0},"entity":{"textureIndex":8,"rotation":0,"health":0}},{"tile":{"textureIndex":9,"rotation":0},"item":{"textureIndex":8,"rotation":0},"obstacle":{"textureIndex":8,"rotation":0},"entity":{"textureIndex":8,"rotation":0,"health":0}},{"tile":{"textureIndex":2,"rotation":0},"item":{"textureIndex":8,"rotation":0},"obstacle":{"textureIndex":8,"rotation":0},"entity":{"textureIndex":8,"rotation":0,"health":0}},{"tile":{"textureIndex":3,"rotation":0},"item":{"textureIndex":8,"rotation":0},"obstacle":{"textureIndex":8,"rotation":0},"entity":{"textureIndex":8,"rotation":0,"health":0}},{"tile":{"textureIndex":5,"rotation":0},"item":{"textureIndex":7,"rotation":0},"obstacle":{"textureIndex":8,"rotation":0},"entity":{"textureIndex":8,"rotation":0,"health":0}},{"tile":{"textureIndex":5,"rotation":0},"item":{"textureIndex":8,"rotation":0},"obstacle":{"textureIndex":8,"rotation":0},"entity":{"textureIndex":8,"rotation":0,"health":0}},{"tile":{"textureIndex":4,"rotation":0},"item":{"textureIndex":8,"rotation":0},"obstacle":{"textureIndex":8,"rotation":0},"entity":{"textureIndex":8,"rotation":0,"health":0}},{"tile":{"textureIndex":4,"rotation":0},"item":{"textureIndex":8,"rotation":0},"obstacle":{"textureIndex":8,"rotation":0},"entity":{"textureIndex":8,"rotation":0,"health":0}}],[{"tile":{"textureIndex":3,"rotation":0},"item":{"textureIndex":8,"rotation":0},"obstacle":{"textureIndex":8,"rotation":0},"entity":{"textureIndex":8,"rotation":0,"health":0}},{"tile":{"textureIndex":3,"rotation":0},"item":{"textureIndex":8,"rotation":0},"obstacle":{"textureIndex":8,"rotation":0},"entity":{"textureIndex":8,"rotation":0,"health":0}},{"tile":{"textureIndex":3,"rotation":0},"item":{"textureIndex":8,"rotation":0},"obstacle":{"textureIndex":6,"rotation":0},"entity":{"textureIndex":8,"rotation":0,"health":0}},{"tile":{"textureIndex":3,"rotation":0},"item":{"textureIndex":7,"rotation":0},"obstacle":{"textureIndex":8,"rotation":0},"entity":{"textureIndex":8,"rotation":0,"health":0}},{"tile":{"textureIndex":3,"rotation":0},"item":{"textureIndex":8,"rotation":0},"obstacle":{"textureIndex":8,"rotation":0},"entity":{"textureIndex":8,"rotation":0,"health":0}},{"tile":{"textureIndex":5,"rotation":0},"item":{"textureIndex":7,"rotation":0},"obstacle":{"textureIndex":8,"rotation":0},"entity":{"textureIndex":8,"rotation":0,"health":0}},{"tile":{"textureIndex":5,"rotation":0},"item":{"textureIndex":8,"rotation":0},"obstacle":{"textureIndex":8,"rotation":0},"entity":{"textureIndex":8,"rotation":0,"health":0}},{"tile":{"textureIndex":5,"rotation":0},"item":{"textureIndex":8,"rotation":0},"obstacle":{"textureIndex":8,"rotation":0},"entity":{"textureIndex":8,"rotation":0,"health":0}},{"tile":{"textureIndex":5,"rotation":0},"item":{"textureIndex":8,"rotation":0},"obstacle":{"textureIndex":8,"rotation":0},"entity":{"textureIndex":8,"rotation":0,"health":0}},{"tile":{"textureIndex":5,"rotation":0},"item":{"textureIndex":8,"rotation":0},"obstacle":{"textureIndex":8,"rotation":0},"entity":{"textureIndex":8,"rotation":0,"health":0}},{"tile":{"textureIndex":4,"rotation":0},"item":{"textureIndex":8,"rotation":0},"obstacle":{"textureIndex":8,"rotation":0},"entity":{"textureIndex":8,"rotation":0,"health":0}},{"tile":{"textureIndex":4,"rotation":0},"item":{"textureIndex":8,"rotation":0},"obstacle":{"textureIndex":8,"rotation":0},"entity":{"textureIndex":8,"rotation":0,"health":0}},{"tile":{"textureIndex":4,"rotation":0},"item":{"textureIndex":8,"rotation":0},"obstacle":{"textureIndex":8,"rotation":0},"entity":{"textureIndex":8,"rotation":0,"health":0}}],[{"tile":{"textureIndex":3,"rotation":0},"item":{"textureIndex":7,"rotation":0},"obstacle":{"textureIndex":8,"rotation":0},"entity":{"textureIndex":8,"rotation":0,"health":0}},{"tile":{"textureIndex":3,"rotation":0},"item":{"textureIndex":8,"rotation":0},"obstacle":{"textureIndex":8,"rotation":0},"entity":{"textureIndex":0,"rotation":0,"health":0}},{"tile":{"textureIndex":3,"rotation":0},"item":{"textureIndex":8,"rotation":0},"obstacle":{"textureIndex":8,"rotation":0},"entity":{"textureIndex":8,"rotation":0,"health":0}},{"tile":{"textureIndex":3,"rotation":0},"item":{"textureIndex":7,"rotation":0},"obstacle":{"textureIndex":8,"rotation":0},"entity":{"textureIndex":8,"rotation":0,"health":0}},{"tile":{"textureIndex":5,"rotation":0},"item":{"textureIndex":8,"rotation":0},"obstacle":{"textureIndex":8,"rotation":0},"entity":{"textureIndex":8,"rotation":0,"health":0}},{"tile":{"textureIndex":5,"rotation":0},"item":{"textureIndex":8,"rotation":0},"obstacle":{"textureIndex":8,"rotation":0},"entity":{"textureIndex":8,"rotation":0,"health":0}},{"tile":{"textureIndex":5,"rotation":0},"item":{"textureIndex":7,"rotation":0},"obstacle":{"textureIndex":8,"rotation":0},"entity":{"textureIndex":8,"rotation":0,"health":0}},{"tile":{"textureIndex":5,"rotation":0},"item":{"textureIndex":8,"rotation":0},"obstacle":{"textureIndex":8,"rotation":0},"entity":{"textureIndex":8,"rotation":0,"health":0}},{"tile":{"textureIndex":5,"rotation":0},"item":{"textureIndex":7,"rotation":0},"obstacle":{"textureIndex":8,"rotation":0},"entity":{"textureIndex":8,"rotation":0,"health":0}},{"tile":{"textureIndex":5,"rotation":0},"item":{"textureIndex":8,"rotation":0},"obstacle":{"textureIndex":8,"rotation":0},"entity":{"textureIndex":8,"rotation":0,"health":0}},{"tile":{"textureIndex":4,"rotation":0},"item":{"textureIndex":8,"rotation":0},"obstacle":{"textureIndex":8,"rotation":0},"entity":{"textureIndex":8,"rotation":0,"health":0}},{"tile":{"textureIndex":4,"rotation":0},"item":{"textureIndex":8,"rotation":0},"obstacle":{"textureIndex":8,"rotation":0},"entity":{"textureIndex":8,"rotation":0,"health":0}},{"tile":{"textureIndex":4,"rotation":0},"item":{"textureIndex":7,"rotation":0},"obstacle":{"textureIndex":8,"rotation":0},"entity":{"textureIndex":8,"rotation":0,"health":0}}]]