[[{"tile":{"textureIndex":2,"rotation":0},"item":{"textureIndex":8,"rotation":0},"obstacle":{"textureIndex":8,"rotation":0},"entity":{"textureIndex":8,"rotation":"0","health":0}},{"tile":{"textureIndex":2,"rotation":0},"item":{"textureIndex":8,"rotation":0},"obstacle":{"textureIndex":8,"rotation":0},"entity":{"textureIndex":8,"rotation":0,"health":0}},{"tile":{"textureIndex":2,"rotation":0},"item":{"textureIndex":8,"rotation":0},"obstacle":{"textureIndex":8,"rotation":0},"entity":{"textureIndex":8,"rotation":0,"health":0}},{"tile":{"textureIndex":2,"rotation":0},"item":{"textureIndex":8,"rotation":0},"obstacle":{"textureIndex":8,"rotation":0},"entity":{"textureIndex":8,"rotation":0,"health":0}},{"tile":{"textureIndex":2,"rotation":0},"item":{"textureIndex":8,"rotation":0},"obstacle":{"textureIndex":8,"rotation":0},"entity":{"textureIndex":8,"rotation":0,"health":0}},{"tile":{"textureIndex":2,"rotation":0},"item":{"textureIndex":8,"rotation":0},"obstacle":{"textureIndex":8,"rotation":0},"entity":{"textureIndex":8,"rotation":0,"health":0}},{"tile":{"textureIndex":2,"rotation":0},"item":{"textureIndex":8,"rotation":0},"obstacle":{"textureIndex":8,"rotation":0},"entity":{"textureIndex":8,"rotation":0,"health":0}},{"tile":{"textureIndex":2,"rotation":0},"item":{"textureIndex":8,"rotation":0},"obstacle":{"textureIndex":8,"rotation":0},"entity":{"textureIndex":8,"rotation":0,"health":0}},{"tile":{"textureIndex":2,"rotation":0},"item":{"textureIndex":8,"rotation":0},"obstacle":{"textureIndex":8,"rotation":0},"entity":{"textureIndex":8,"rotation":0,"health":0}},{"tile":{"textureIndex":2,"rotation":0},"item":{"textureIndex":8,"rotation":0},"obstacle":{"textureIndex":8,"rotation":0},"entity":{"textureIndex":8,"rotation":0,"health":0}},{"tile":{"textureIndex":2,"rotation":0},"item":{"textureIndex":8,"rotation":0},"obstacle":{"textureIndex":8,"rotation":0},"entity":{"textureIndex":8,"rotation":0,"health":0}},{"tile":{"textureIndex":2,"rotation":0},"item":{"textureIndex":8,"rotation":0},"obstacle":{"textureIndex":8,"rotation":0},"entity":{"textureIndex":8,"rotation":0,"health":0}},{"tile":{"textureIndex":2,"rotation":0},"item":{"textureIndex":8,"rotation":0},"obstacle":{"textureIndex":8,"rotation":0},"entity":{"textureIndex":8,"rotation":0,"health":0}},{"tile":{"textureIndex":2,"rotation":0},"item":{"textureIndex":8,"rotation":0},"obstacle":{"textureIndex":8,"rotation":0},"entity":{"textureIndex":8,"rotation":0,"health":0}},{"tile":{"textureIndex":2,"rotation":0},"item":{"textureIndex":8,"rotation":0},"obstacle":{"textureIndex":8,"rotation":0},"entity":{"textureIndex":8,"rotation":0,"health":0}},{"tile":{"textureIndex":2,"rotation":0},"item":{"textureIndex":8,"rotation":0},"obstacle":{"textureIndex":8,"rotation":0},"entity":{"textureIndex":8,"rotation":0,"health":0}},{"tile":{"textureIndex":2,"rotation":0},"item":{"textureIndex":8,"rotation":0},"obstacle":{"textureIndex":8,"rotation":0},"entity":{"textureIndex":8,"rotation":0,"health":0}},{"tile":{"textureIndex":2,"rotation":0},"item":{"textureIndex":8,"rotation":0},"obstacle":{"textureIndex":8,"rotation":0},"entity":{"textureIndex":8,"rotation":0,"health":0}},{"tile":{"textureIndex":2,"rotation":0},"item":{"textureIndex":8,"rotation":0},"obstacle":{"textureIndex":8,"rotation":0},"entity":{"textureIndex":8,"rotation":0,"health":0}},{"tile":{"textureIndex":2,"rotation":0},"item":{"textureIndex":8,"rotation":0},"obstacle":{"textureIndex":6,"rotation":0},"entity":{"textureIndex":8,"rotation":0,"health":0}}],[{"tile":{"textureIndex":2,"rotation":0},"item":{"textureIndex":8,"rotation":0},"obstacle":{"textureIndex":8,"rotation":0},"entity":{"textureIndex":8,"rotation":0,"health":0}},{"tile":{"textureIndex":2,"rotation":0},"item":{"textureIndex":8,"rotation":0},"obstacle":{"textureIndex":8,"rotation":0},"entity":{"textureIndex":8,"rotation":0,"health":0}},{"tile":{"textureIndex":2,"rotation":0},"item":{"textureIndex":8,"rotation":0},"obstacle":{"textureIndex":8,"rotation":0},"entity":{"textureIndex":8,"rotation":0,"health":0}},{"tile":{"textureIndex":2,"rotation":0},"item":{"textureIndex":8,"rotation":0},"obstacle":{"textureIndex":8,"rotation":0},"entity":{"textureIndex":8,"rotation":0,"health":0}},{"tile":{"textureIndex":2,"rotation":0},"item":{"textureIndex":8,"rotation":0},"obstacle":{"textureIndex":8,"rotation":0},"entity":{"textureIndex":8,"rotation":0,"health":0}},{"tile":{"textureIndex":2,"rotation":0},"item":{"textureIndex":8,"rotation":0},"obstacle":{"textureIndex":8,"rotation":0},"entity":{"textureIndex":8,"rotation":0,"health":0}},{"tile":{"textureIndex":2,"rotation":0},"item":{"textureIndex":8,"rotation":0},"obstacle":{"textureIndex":8,"rotation":0},"entity":{"textureIndex":8,"rotation":0,"health":0}},{"tile":{"textureIndex":2,"rotation":0},"item":{"textureIndex":8,"rotation":0},"obstacle":{"textureIndex":8,"rotation":0},"entity":{"textureIndex":8,"rotation":0,"health":0}},{"tile":{"textureIndex":2,"rotation":0},"item":{"textureIndex":8,"rotation":0},"obstacle":{"textureIndex":8,"rotation":0},"entity":{"textureIndex":8,"rotation":0,"health":0}},{"tile":{"textureIndex":2,"rotation":0},"item":{"textureIndex":8,"rotation":0},"obstacle":{"textureIndex":8,"rotation":0},"entity":{"textureIndex":8,"rotation":0,"health":0}},{"tile":{"textureIndex":2,"rotation":0},"item":{"textureIndex":8,"rotation":0},"obstacle":{"textureIndex":8,"rotation":0},"entity":{"textureIndex":8,"rotation":0,"health":0}},{"tile":{"textureIndex":2,"rotation":0},"item":{"textureIndex":8,"rotation":0},"obstacle":{"textureIndex":8,"rotation":0},"entity":{"textureIndex":8,"rotation":0,"health":0}},{"tile":{"textureIndex":2,"rotation":0},"item":{"textureIndex":8,"rotation":0},"obstacle":{"textureIndex":8,"rotation":0},"entity":{"textureIndex":8,"rotation":0,"health":0}},{"tile":{"textureIndex":2,"rotation":0},"item":{"textureIndex":8,"rotation":0},"obstacle":{"textureIndex":8,"rotation":0},"entity":{"textureIndex":8,"rotation":0,"health":0}},{"tile":{"textureIndex":2,"rotation":0},"item":{"textureIndex":8,"rotation":0},"obstacle":{"textureIndex":8,"rotation":0},"entity":{"textureIndex":8,"rotation":0,"health":0}},{"tile":{"textureIndex":2,"rotation":0},"item":{"textureIndex":8,"rotation":0},"obstacle":{"textureIndex":8,"rotation":0},"entity":{"textureIndex":8,"rotation":0,"health":0}},{"tile":{"textureIndex":2,"rotation":0},"item":{"textureIndex":8,"rotation":0},"obstacle":{"textureIndex":8,"rotation":0},"entity":{"textureIndex":8,"rotation":0,"health":0}},{"tile":{"textureIndex":2,"rotation":0},"item":{"textureIndex":8,"rotation":0},"obstacle":{"textureIndex":8,"rotation":0},"entity":{"textureIndex":8,"rotation":0,"health":0}},{"tile":{"textureIndex":2,"rotation":0},"item":{"textureIndex":8,"rotation":0},"obstacle":{"textureIndex":6,"rotation":0},"entity":{"textureIndex":8,"rotation":0,"health":0}},{"tile":{"textureIndex":12,"rotation":0},"item":{"textureIndex":8,"rotation":0},"obstacle":{"textureIndex":6,"rotation":0},"entity":{"textureIndex":8,"rotation":0,"health":0}}],[{"tile":{"textureIndex":2,"rotation":0},"item":{"textureIndex":8,"rotation":0},"obstacle":{"textureIndex":8,"rotation":0},"entity":{"textureIndex":8,"rotation":0,"health":0}},{"tile":{"textureIndex":2,"rotation":0},"item":{"textureIndex":8,"rotation":0},"obstacle":{"textureIndex":8,"rotation":0},"entity":{"textureIndex":8,"rotation":0,"health":0}},{"tile":{"textureIndex":2,"rotation":0},"item":{"textureIndex":8,"rotation":0},"obstacle":{"textureIndex":8,"rotation":0},"entity":{"textureIndex":8,"rotation":0,"health":0}},{"tile":{"textureIndex":2,"rotation":0},"item":{"textureIndex":8,"rotation":0},"obstacle":{"textureIndex":8,"rotation":0},"entity":{"textureIndex":8,"rotation":0,"health":0}},{"tile":{"textureIndex":2,"rotation":0},"item":{"textureIndex":8,"rotation":0},"obstacle":{"textureIndex":8,"rotation":0},"entity":{"textureIndex":8,"rotation":0,"health":0}},{"tile":{"textureIndex":2,"rotation":0},"item":{"textureIndex":8,"rotation":0},"obstacle":{"textureIndex":8,"rotation":0},"entity":{"textureIndex":8,"rotation":0,"health":0}},{"tile":{"textureIndex":2,"rotation":0},"item":{"textureIndex":8,"rotation":0},"obstacle":{"textureIndex":8,"rotation":0},"entity":{"textureIndex":8,"rotation":0,"health":0}},{"tile":{"textureIndex":2,"rotation":0},"item":{"textureIndex":8,"rotation":0},"obstacle":{"textureIndex":8,"rotation":0},"entity":{"textureIndex":8,"rotation":0,"health":0}},{"tile":{"textureIndex":2,"rotation":0},"item":{"textureIndex":8,"rotation":0},"obstacle":{"textureIndex":8,"rotation":0},"entity":{"textureIndex":8,"rotation":0,"health":0}},{"tile":{"textureIndex":2,"rotation":0},"item":{"textureIndex":8,"rotation":0},"obstacle":{"textureIndex":8,"rotation":0},"entity":{"textureIndex":8,"rotation":0,"health":0}},{"tile":{"textureIndex":2,"rotation":0},"item":{"textureIndex":8,"rotation":0},"obstacle":{"textureIndex":8,"rotation":0},"entity":{"textureIndex":8,"rotation":0,"health":0}},{"tile":{"textureIndex":2,"rotation":0},"item":{"textureIndex":8,"rotation":0},"obstacle":{"textureIndex":8,"rotation":0},"entity":{"textureIndex":8,"rotation":0,"health":0}},{"tile":{"textureIndex":2,"rotation":0},"item":{"textureIndex":8,"rotation":0},"obstacle":{"textureIndex":8,"rotation":0},"entity":{"textureIndex":8,"rotation":0,"health":0}},{"tile":{"textureIndex":2,"rotation":0},"item":{"textureIndex":8,"rotation":0},"obstacle":{"textureIndex":8,"rotation":0},"entity":{"textureIndex":8,"rotation":0,"health":0}},{"tile":{"textureIndex":2,"rotation":0},"item":{"textureIndex":8,"rotation":0},"obstacle":{"textureIndex":8,"rotation":0},"entity":{"textureIndex":8,"rotation":0,"health":0}},{"tile":{"textureIndex":2,"rotation":0},"item":{"textureIndex":8,"rotation":0},"obstacle":{"textureIndex":8,"rotation":0},"entity":{"textureIndex":8,"rotation":0,"health":0}},{"tile":{"textureIndex":2,"rotation":0},"item":{"textureIndex":8,"rotation":0},"obstacle":{"textureIndex":8,"rotation":0},"entity":{"textureIndex":8,"rotation":0,"health":0}},{"tile":{"textureIndex":2,"rotation":0},"item":{"textureIndex":8,"rotation":0},"obstacle":{"textureIndex":6,"rotation":0},"entity":{"textureIndex":8,"rotation":0,"health":0}},{"tile":{"textureIndex":12,"rotation":0},"item":{"textureIndex":8,"rotation":0},"obstacle":{"textureIndex":6,"rotation":0},"entity":{"textureIndex":8,"rotation":0,"health":0}},{"tile":{"textureIndex":12,"rotation":0},"item":{"textureIndex":8,"rotation":0},"obstacle":{"textureIndex":8,"rotation":0},"entity":{"textureIndex":8,"rotation":0,"health":0}}],[{"tile":{"textureIndex":2,"rotation":0},"item":{"textureIndex":8,"rotation":0},"obstacle":{"textureIndex":8,"rotation":0},"entity":{"textureIndex":8,"rotation":0,"health":0}},{"tile":{"textureIndex":2,"rotation":0},"item":{"textureIndex":8,"rotation":0},"obstacle":{"textureIndex":8,"rotation":0},"entity":{"textureIndex":8,"rotation":0,"health":0}},{"tile":{"textureIndex":2,"rotation":0},"item":{"textureIndex":8,"rotation":0},"obstacle":{"textureIndex":8,"rotation":0},"entity":{"textureIndex":8,"rotation":0,"health":0}},{"tile":{"textureIndex":2,"rotation":0},"item":{"textureIndex":8,"rotation":0},"obstacle":{"textureIndex":8,"rotation":0},"entity":{"textureIndex":8,"rotation":0,"health":0}},{"tile":{"textureIndex":2,"rotation":0},"item":{"textureIndex":8,"rotation":0},"obstacle":{"textureIndex":8,"rotation":0},"entity":{"textureIndex":8,"rotation":0,"health":0}},{"tile":{"textureIndex":2,"rotation":0},"item":{"textureIndex":8,"rotation":0},"obstacle":{"textureIndex":8,"rotation":0},"entity":{"textureIndex":8,"rotation":0,"health":0}},{"tile":{"textureIndex":2,"rotation":0},"item":{"textureIndex":8,"rotation":0},"obstacle":{"textureIndex":8,"rotation":0},"entity":{"textureIndex":8,"rotation":0,"health":0}},{"tile":{"textureIndex":2,"rotation":0},"item":{"textureIndex":8,"rotation":0},"obstacle":{"textureIndex":8,"rotation":0},"entity":{"textureIndex":8,"rotation":0,"health":0}},{"tile":{"textureIndex":2,"rotation":0},"item":{"textureIndex":8,"rotation":0},"obstacle":{"textureIndex":8,"rotation":0},"entity":{"textureIndex":8,"rotation":0,"health":0}},{"tile":{"textureIndex":2,"rotation":0},"item":{"textureIndex":8,"rotation":0},"obstacle":{"textureIndex":8,"rotation":0},"entity":{"textureIndex":8,"rotation":0,"health":0}},{"tile":{"textureIndex":2,"rotation":0},"item":{"textureIndex":8,"rotation":0},"obstacle":{"textureIndex":8,"rotation":0},"entity":{"textureIndex":8,"rotation":0,"health":0}},{"tile":{"textureIndex":2,"rotation":0},"item":{"textureIndex":8,"rotation":0},"obstacle":{"textureIndex":8,"rotation":0},"entity":{"textureIndex":8,"rotation":0,"health":0}},{"tile":{"textureIndex":2,"rotation":0},"item":{"textureIndex":8,"rotation":0},"obstacle":{"textureIndex":8,"rotation":0},"entity":{"textureIndex":8,"rotation":0,"health":0}},{"tile":{"textureIndex":2,"rotation":0},"item":{"textureIndex":8,"rotation":0},"obstacle":{"textureIndex":6,"rotation":0},"entity":{"textureIndex":8,"rotation":0,"health":0}},{"tile":{"textureIndex":2,"rotation":0},"item":{"textureIndex":8,"rotation":0},"obstacle":{"textureIndex":6,"rotation":0},"entity":{"textureIndex":8,"rotation":0,"health":0}},{"tile":{"textureIndex":2,"rotation":0},"item":{"textureIndex":8,"rotation":0},"obstacle":{"textureIndex":6,"rotation":0},"entity":{"textureIndex":8,"rotation":0,"health":0}},{"tile":{"textureIndex":2,"rotation":0},"item":{"textureIndex":8,"rotation":0},"obstacle":{"textureIndex":6,"rotation":0},"entity":{"textureIndex":8,"rotation":0,"health":0}},{"tile":{"textureIndex":12,"rotation":0},"item":{"textureIndex":8,"rotation":0},"obstacle":{"textureIndex":6,"rotation":0},"entity":{"textureIndex":8,"rotation":0,"health":0}},{"tile":{"textureIndex":12,"rotation":0},"item":{"textureIndex":8,"rotation":0},"obstacle":{"textureIndex":8,"rotation":0},"entity":{"textureIndex":11,"rotation":180,"health":0}},{"tile":{"textureIndex":12,"rotation":0},"item":{"textureIndex":8,"rotation":0},"obstacle":{"textureIndex":8,"rotation":0},"entity":{"textureIndex":8,"rotation":0,"health":0}}],[{"tile":{"textureIndex":2,"rotation":0},"item":{"textureIndex":8,"rotation":0},"obstacle":{"textureIndex":8,"rotation":0},"entity":{"textureIndex":8,"rotation":0,"health":0}},{"tile":{"textureIndex":2,"rotation":0},"item":{"textureIndex":8,"rotation":0},"obstacle":{"textureIndex":8,"rotation":0},"entity":{"textureIndex":8,"rotation":0,"health":0}},{"tile":{"textureIndex":2,"rotation":0},"item":{"textureIndex":8,"rotation":0},"obstacle":{"textureIndex":8,"rotation":0},"entity":{"textureIndex":8,"rotation":0,"health":0}},{"tile":{"textureIndex":2,"rotation":0},"item":{"textureIndex":8,"rotation":0},"obstacle":{"textureIndex":8,"rotation":0},"entity":{"textureIndex":8,"rotation":0,"health":0}},{"tile":{"textureIndex":2,"rotation":0},"item":{"textureIndex":8,"rotation":0},"obstacle":{"textureIndex":8,"rotation":0},"entity":{"textureIndex":8,"rotation":0,"health":0}},{"tile":{"textureIndex":2,"rotation":0},"item":{"textureIndex":8,"rotation":0},"obstacle":{"textureIndex":8,"rotation":0},"entity":{"textureIndex":8,"rotation":0,"health":0}},{"tile":{"textureIndex":2,"rotation":0},"item":{"textureIndex":8,"rotation":0},"obstacle":{"textureIndex":8,"rotation":0},"entity":{"textureIndex":8,"rotation":0,"health":0}},{"tile":{"textureIndex":2,"rotation":0},"item":{"textureIndex":8,"rotation":0},"obstacle":{"textureIndex":6,"rotation":0},"entity":{"textureIndex":8,"rotation":0,"health":0}},{"tile":{"textureIndex":2,"rotation":0},"item":{"textureIndex":8,"rotation":0},"obstacle":{"textureIndex":6,"rotation":0},"entity":{"textureIndex":8,"rotation":0,"health":0}},{"tile":{"textureIndex":2,"rotation":0},"item":{"textureIndex":8,"rotation":0},"obstacle":{"textureIndex":6,"rotation":0},"entity":{"textureIndex":8,"rotation":0,"health":0}},{"tile":{"textureIndex":2,"rotation":0},"item":{"textureIndex":8,"rotation":0},"obstacle":{"textureIndex":6,"rotation":0},"entity":{"textureIndex":8,"rotation":0,"health":0}},{"tile":{"textureIndex":2,"rotation":0},"item":{"textureIndex":8,"rotation":0},"obstacle":{"textureIndex":6,"rotation":0},"entity":{"textureIndex":8,"rotation":0,"health":0}},{"tile":{"textureIndex":2,"rotation":0},"item":{"textureIndex":8,"rotation":0},"obstacle":{"textureIndex":6,"rotation":0},"entity":{"textureIndex":8,"rotation":0,"health":0}},{"tile":{"textureIndex":2,"rotation":0},"item":{"textureIndex":8,"rotation":0},"obstacle":{"textureIndex":6,"rotation":0},"entity":{"textureIndex":8,"rotation":0,"health":0}},{"tile":{"textureIndex":12,"rotation":0},"item":{"textureIndex":8,"rotation":0},"obstacle":{"textureIndex":6,"rotation":0},"entity":{"textureIndex":8,"rotation":0,"health":0}},{"tile":{"textureIndex":12,"rotation":0},"item":{"textureIndex":8,"rotation":0},"obstacle":{"textureIndex":6,"rotation":0},"entity":{"textureIndex":8,"rotation":0,"health":0}},{"tile":{"textureIndex":12,"rotation":0},"item":{"textureIndex":8,"rotation":0},"obstacle":{"textureIndex":8,"rotation":0},"entity":{"textureIndex":8,"rotation":0,"health":0}},{"tile":{"textureIndex":12,"rotation":0},"item":{"textureIndex":8,"rotation":0},"obstacle":{"textureIndex":8,"rotation":0},"entity":{"textureIndex":8,"rotation":0,"health":0}},{"tile":{"textureIndex":12,"rotation":0},"item":{"textureIndex":8,"rotation":0},"obstacle":{"textureIndex":8,"rotation":0},"entity":{"textureIndex":8,"rotation":0,"health":0}},{"tile":{"textureIndex":12,"rotation":0},"item":{"textureIndex":8,"rotation":0},"obstacle":{"textureIndex":8,"rotation":0},"entity":{"textureIndex":8,"rotation":0,"health":0}}],[{"tile":{"textureIndex":2,"rotation":0},"item":{"textureIndex":8,"rotation":0},"obstacle":{"textureIndex":8,"rotation":0},"entity":{"textureIndex":8,"rotation":0,"health":0}},{"tile":{"textureIndex":2,"rotation":0},"item":{"textureIndex":8,"rotation":0},"obstacle":{"textureIndex":8,"rotation":0},"entity":{"textureIndex":8,"rotation":0,"health":0}},{"tile":{"textureIndex":2,"rotation":0},"item":{"textureIndex":8,"rotation":0},"obstacle":{"textureIndex":8,"rotation":0},"entity":{"textureIndex":8,"rotation":0,"health":0}},{"tile":{"textureIndex":2,"rotation":0},"item":{"textureIndex":8,"rotation":0},"obstacle":{"textureIndex":8,"rotation":0},"entity":{"textureIndex":8,"rotation":0,"health":0}},{"tile":{"textureIndex":2,"rotation":0},"item":{"textureIndex":8,"rotation":0},"obstacle":{"textureIndex":6,"rotation":0},"entity":{"textureIndex":8,"rotation":0,"health":0}},{"tile":{"textureIndex":2,"rotation":0},"item":{"textureIndex":8,"rotation":0},"obstacle":{"textureIndex":6,"rotation":0},"entity":{"textureIndex":8,"rotation":0,"health":0}},{"tile":{"textureIndex":2,"rotation":0},"item":{"textureIndex":8,"rotation":0},"obstacle":{"textureIndex":6,"rotation":0},"entity":{"textureIndex":8,"rotation":0,"health":0}},{"tile":{"textureIndex":2,"rotation":0},"item":{"textureIndex":8,"rotation":0},"obstacle":{"textureIndex":6,"rotation":0},"entity":{"textureIndex":8,"rotation":0,"health":0}},{"tile":{"textureIndex":2,"rotation":0},"item":{"textureIndex":8,"rotation":0},"obstacle":{"textureIndex":6,"rotation":0},"entity":{"textureIndex":8,"rotation":0,"health":0}},{"tile":{"textureIndex":12,"rotation":0},"item":{"textureIndex":8,"rotation":0},"obstacle":{"textureIndex":6,"rotation":0},"entity":{"textureIndex":8,"rotation":0,"health":0}},{"tile":{"textureIndex":12,"rotation":0},"item":{"textureIndex":8,"rotation":0},"obstacle":{"textureIndex":6,"rotation":0},"entity":{"textureIndex":8,"rotation":0,"health":0}},{"tile":{"textureIndex":12,"rotation":0},"item":{"textureIndex":8,"rotation":0},"obstacle":{"textureIndex":6,"rotation":0},"entity":{"textureIndex":8,"rotation":0,"health":0}},{"tile":{"textureIndex":12,"rotation":0},"item":{"textureIndex":8,"rotation":0},"obstacle":{"textureIndex":8,"rotation":0},"entity":{"textureIndex":10,"rotation":0,"health":5}},{"tile":{"textureIndex":12,"rotation":0},"item":{"textureIndex":8,"rotation":0},"obstacle":{"textureIndex":8,"rotation":0},"entity":{"textureIndex":8,"rotation":0,"health":0}},{"tile":{"textureIndex":12,"rotation":0},"item":{"textureIndex":8,"rotation":0},"obstacle":{"textureIndex":8,"rotation":0},"entity":{"textureIndex":8,"rotation":0,"health":0}},{"tile":{"textureIndex":12,"rotation":0},"item":{"textureIndex":8,"rotation":0},"obstacle":{"textureIndex":8,"rotation":0},"entity":{"textureIndex":8,"rotation":0,"health":0}},{"tile":{"textureIndex":12,"rotation":0},"item":{"textureIndex":8,"rotation":0},"obstacle":{"textureIndex":8,"rotation":0},"entity":{"textureIndex":8,"rotation":0,"health":0}},{"tile":{"textureIndex":12,"rotation":0},"item":{"textureIndex":8,"rotation":0},"obstacle":{"textureIndex":8,"rotation":0},"entity":{"textureIndex":8,"rotation":0,"health":0}},{"tile":{"textureIndex":12,"rotation":0},"item":{"textureIndex":8,"rotation":0},"obstacle":{"textureIndex":8,"rotation":0},"entity":{"textureIndex":8,"rotation":0,"health":0}},{"tile":{"textureIndex":12,"rotation":0},"item":{"textureIndex":8,"rotation":0},"obstacle":{"textureIndex":8,"rotation":0},"entity":{"textureIndex":8,"rotation":0,"health":0}}],[{"tile":{"textureIndex":2,"rotation":0},"item":{"textureIndex":8,"rotation":0},"obstacle":{"textureIndex":8,"rotation":0},"entity":{"textureIndex":8,"rotation":0,"health":0}},{"tile":{"textureIndex":2,"rotation":0},"item":{"textureIndex":8,"rotation":0},"obstacle":{"textureIndex":6,"rotation":0},"entity":{"textureIndex":8,"rotation":0,"health":0}},{"tile":{"textureIndex":2,"rotation":0},"item":{"textureIndex":8,"rotation":0},"obstacle":{"textureIndex":6,"rotation":0},"entity":{"textureIndex":8,"rotation":0,"health":0}},{"tile":{"textureIndex":2,"rotation":0},"item":{"textureIndex":8,"rotation":0},"obstacle":{"textureIndex":6,"rotation":0},"entity":{"textureIndex":8,"rotation":0,"health":0}},{"tile":{"textureIndex":2,"rotation":0},"item":{"textureIndex":8,"rotation":0},"obstacle":{"textureIndex":6,"rotation":0},"entity":{"textureIndex":8,"rotation":0,"health":0}},{"tile":{"textureIndex":12,"rotation":0},"item":{"textureIndex":8,"rotation":0},"obstacle":{"textureIndex":6,"rotation":0},"entity":{"textureIndex":8,"rotation":0,"health":0}},{"tile":{"textureIndex":12,"rotation":0},"item":{"textureIndex":8,"rotation":0},"obstacle":{"textureIndex":6,"rotation":0},"entity":{"textureIndex":8,"rotation":0,"health":0}},{"tile":{"textureIndex":12,"rotation":0},"item":{"textureIndex":8,"rotation":0},"obstacle":{"textureIndex":6,"rotation":0},"entity":{"textureIndex":8,"rotation":0,"health":0}},{"tile":{"textureIndex":12,"rotation":0},"item":{"textureIndex":8,"rotation":0},"obstacle":{"textureIndex":6,"rotation":0},"entity":{"textureIndex":8,"rotation":0,"health":0}},{"tile":{"textureIndex":12,"rotation":0},"item":{"textureIndex":8,"rotation":0},"obstacle":{"textureIndex":8,"rotation":0},"entity":{"textureIndex":8,"rotation":0,"health":0}},{"tile":{"textureIndex":12,"rotation":0},"item":{"textureIndex":8,"rotation":0},"obstacle":{"textureIndex":8,"rotation":0},"entity":{"textureIndex":8,"rotation":0,"health":0}},{"tile":{"textureIndex":12,"rotation":0},"item":{"textureIndex":8,"rotation":0},"obstacle":{"textureIndex":8,"rotation":0},"entity":{"textureIndex":8,"rotation":0,"health":0}},{"tile":{"textureIndex":12,"rotation":0},"item":{"textureIndex":8,"rotation":0},"obstacle":{"textureIndex":8,"rotation":0},"entity":{"textureIndex":8,"rotation":0,"health":0}},{"tile":{"textureIndex":12,"rotation":0},"item":{"textureIndex":8,"rotation":0},"obstacle":{"textureIndex":8,"rotation":0},"entity":{"textureIndex":8,"rotation":0,"health":0}},{"tile":{"textureIndex":12,"rotation":0},"item":{"textureIndex":8,"rotation":0},"obstacle":{"textureIndex":8,"rotation":0},"entity":{"textureIndex":8,"rotation":0,"health":0}},{"tile":{"textureIndex":12,"rotation":0},"item":{"textureIndex":8,"rotation":0},"obstacle":{"textureIndex":8,"rotation":0},"entity":{"textureIndex":10,"rotation":0,"health":5}},{"tile":{"textureIndex":12,"rotation":0},"item":{"textureIndex":8,"rotation":0},"obstacle":{"textureIndex":8,"rotation":0},"entity":{"textureIndex":10,"rotation":90,"health":0}},{"tile":{"textureIndex":12,"rotation":0},"item":{"textureIndex":8,"rotation":0},"obstacle":{"textureIndex":8,"rotation":0},"entity":{"textureIndex":8,"rotation":0,"health":0}},{"tile":{"textureIndex":12,"rotation":0},"item":{"textureIndex":8,"rotation":0},"obstacle":{"textureIndex":8,"rotation":0},"entity":{"textureIndex":8,"rotation":0,"health":0}},{"tile":{"textureIndex":12,"rotation":0},"item":{"textureIndex":8,"rotation":0},"obstacle":{"textureIndex":8,"rotation":0},"entity":{"textureIndex":8,"rotation":0,"health":0}}],[{"tile":{"textureIndex":2,"rotation":0},"item":{"textureIndex":8,"rotation":0},"obstacle":{"textureIndex":6,"rotation":0},"entity":{"textureIndex":8,"rotation":0,"health":0}},{"tile":{"textureIndex":12,"rotation":0},"item":{"textureIndex":8,"rotation":0},"obstacle":{"textureIndex":6,"rotation":0},"entity":{"textureIndex":8,"rotation":0,"health":0}},{"tile":{"textureIndex":12,"rotation":0},"item":{"textureIndex":8,"rotation":0},"obstacle":{"textureIndex":6,"rotation":0},"entity":{"textureIndex":8,"rotation":0,"health":0}},{"tile":{"textureIndex":12,"rotation":0},"item":{"textureIndex":8,"rotation":0},"obstacle":{"textureIndex":6,"rotation":0},"entity":{"textureIndex":8,"rotation":0,"health":0}},{"tile":{"textureIndex":12,"rotation":0},"item":{"textureIndex":8,"rotation":0},"obstacle":{"textureIndex":8,"rotation":0},"entity":{"textureIndex":8,"rotation":0,"health":0}},{"tile":{"textureIndex":12,"rotation":0},"item":{"textureIndex":8,"rotation":0},"obstacle":{"textureIndex":8,"rotation":0},"entity":{"textureIndex":8,"rotation":0,"health":0}},{"tile":{"textureIndex":12,"rotation":0},"item":{"textureIndex":8,"rotation":0},"obstacle":{"textureIndex":8,"rotation":0},"entity":{"textureIndex":8,"rotation":0,"health":0}},{"tile":{"textureIndex":12,"rotation":0},"item":{"textureIndex":8,"rotation":0},"obstacle":{"textureIndex":8,"rotation":0},"entity":{"textureIndex":8,"rotation":0,"health":0}},{"tile":{"textureIndex":12,"rotation":0},"item":{"textureIndex":8,"rotation":0},"obstacle":{"textureIndex":8,"rotation":0},"entity":{"textureIndex":8,"rotation":0,"health":0}},{"tile":{"textureIndex":12,"rotation":0},"item":{"textureIndex":8,"rotation":0},"obstacle":{"textureIndex":8,"rotation":0},"entity":{"textureIndex":8,"rotation":0,"health":0}},{"tile":{"textureIndex":12,"rotation":0},"item":{"textureIndex":8,"rotation":0},"obstacle":{"textureIndex":8,"rotation":0},"entity":{"textureIndex":8,"rotation":0,"health":0}},{"tile":{"textureIndex":12,"rotation":0},"item":{"textureIndex":8,"rotation":0},"obstacle":{"textureIndex":8,"rotation":0},"entity":{"textureIndex":8,"rotation":0,"health":0}},{"tile":{"textureIndex":12,"rotation":0},"item":{"textureIndex":8,"rotation":0},"obstacle":{"textureIndex":8,"rotation":0},"entity":{"textureIndex":8,"rotation":0,"health":0}},{"tile":{"textureIndex":12,"rotation":0},"item":{"textureIndex":8,"rotation":0},"obstacle":{"textureIndex":8,"rotation":0},"entity":{"textureIndex":8,"rotation":0,"health":0}},{"tile":{"textureIndex":12,"rotation":0},"item":{"textureIndex":7,"rotation":0},"obstacle":{"textureIndex":8,"rotation":0},"entity":{"textureIndex":8,"rotation":0,"health":0}},{"tile":{"textureIndex":12,"rotation":0},"item":{"textureIndex":8,"rotation":0},"obstacle":{"textureIndex":8,"rotation":0},"entity":{"textureIndex":8,"rotation":0,"health":0}},{"tile":{"textureIndex":12,"rotation":0},"item":{"textureIndex":8,"rotation":0},"obstacle":{"textureIndex":8,"rotation":0},"entity":{"textureIndex":8,"rotation":0,"health":0}},{"tile":{"textureIndex":12,"rotation":0},"item":{"textureIndex":8,"rotation":0},"obstacle":{"textureIndex":8,"rotation":0},"entity":{"textureIndex":8,"rotation":0,"health":0}},{"tile":{"textureIndex":12,"rotation":0},"item":{"textureIndex":8,"rotation":0},"obstacle":{"textureIndex":8,"rotation":0},"entity":{"textureIndex":8,"rotation":0,"health":0}},{"tile":{"textureIndex":12,"rotation":0},"item":{"textureIndex":8,"rotation":0},"obstacle":{"textureIndex":8,"rotation":0},"entity":{"textureIndex":8,"rotation":0,"health":0}}],[{"tile":{"textureIndex":12,"rotation":0},"item":{"textureIndex":8,"rotation":0},"obstacle":{"textureIndex":6,"rotation":0},"entity":{"textureIndex":8,"rotation":0,"health":0}},{"tile":{"textureIndex":12,"rotation":0},"item":{"textureIndex":8,"rotation":0},"obstacle":{"textureIndex":6,"rotation":0},"entity":{"textureIndex":8,"rotation":0,"health":0}},{"tile":{"textureIndex":12,"rotation":0},"item":{"textureIndex":8,"rotation":0},"obstacle":{"textureIndex":8,"rotation":0},"entity":{"textureIndex":8,"rotation":0,"health":0}},{"tile":{"textureIndex":12,"rotation":0},"item":{"textureIndex":8,"rotation":0},"obstacle":{"textureIndex":8,"rotation":0},"entity":{"textureIndex":8,"rotation":0,"health":0}},{"tile":{"textureIndex":12,"rotation":0},"item":{"textureIndex":8,"rotation":0},"obstacle":{"textureIndex":8,"rotation":0},"entity":{"textureIndex":8,"rotation":0,"health":0}},{"tile":{"textureIndex":12,"rotation":0},"item":{"textureIndex":8,"rotation":0},"obstacle":{"textureIndex":8,"rotation":0},"entity":{"textureIndex":8,"rotation":0,"health":0}},{"tile":{"textureIndex":12,"rotation":0},"item":{"textureIndex":8,"rotation":0},"obstacle":{"textureIndex":8,"rotation":0},"entity":{"textureIndex":8,"rotation":0,"health":0}},{"tile":{"textureIndex":12,"rotation":0},"item":{"textureIndex":8,"rotation":0},"obstacle":{"textureIndex":8,"rotation":0},"entity":{"textureIndex":8,"rotation":0,"health":0}},{"tile":{"textureIndex":12,"rotation":0},"item":{"textureIndex":8,"rotation":0},"obstacle":{"textureIndex":8,"rotation":0},"entity":{"textureIndex":8,"rotation":0,"health":0}},{"tile":{"textureIndex":12,"rotation":0},"item":{"textureIndex":8,"rotation":0},"obstacle":{"textureIndex":8,"rotation":0},"entity":{"textureIndex":11,"rotation":-90,"health":0}},{"tile":{"textureIndex":12,"rotation":0},"item":{"textureIndex":7,"rotation":0},"obstacle":{"textureIndex":8,"rotation":0},"entity":{"textureIndex":8,"rotation":0,"health":0}},{"tile":{"textureIndex":12,"rotation":0},"item":{"textureIndex":8,"rotation":0},"obstacle":{"textureIndex":8,"rotation":0},"entity":{"textureIndex":8,"rotation":0,"health":0}},{"tile":{"textureIndex":12,"rotation":0},"item":{"textureIndex":8,"rotation":0},"obstacle":{"textureIndex":8,"rotation":0},"entity":{"textureIndex":8,"rotation":0,"health":0}},{"tile":{"textureIndex":12,"rotation":0},"item":{"textureIndex":8,"rotation":0},"obstacle":{"textureIndex":8,"rotation":0},"entity":{"textureIndex":8,"rotation":90,"health":0}},{"tile":{"textureIndex":12,"rotation":0},"item":{"textureIndex":7,"rotation":0},"obstacle":{"textureIndex":8,"rotation":0},"entity":{"textureIndex":8,"rotation":0,"health":0}},{"tile":{"textureIndex":12,"rotation":0},"item":{"textureIndex":8,"rotation":0},"obstacle":{"textureIndex":8,"rotation":0},"entity":{"textureIndex":8,"rotation":0,"health":0}},{"tile":{"textureIndex":12,"rotation":0},"item":{"textureIndex":8,"rotation":0},"obstacle":{"textureIndex":8,"rotation":0},"entity":{"textureIndex":8,"rotation":0,"health":0}},{"tile":{"textureIndex":12,"rotation":0},"item":{"textureIndex":8,"rotation":0},"obstacle":{"textureIndex":8,"rotation":0},"entity":{"textureIndex":8,"rotation":0,"health":0}},{"tile":{"textureIndex":12,"rotation":0},"item":{"textureIndex":8,"rotation":0},"obstacle":{"textureIndex":8,"rotation":0},"entity":{"textureIndex":8,"rotation":0,"health":0}},{"tile":{"textureIndex":12,"rotation":0},"item":{"textureIndex":8,"rotation":0},"obstacle":{"textureIndex":8,"rotation":0},"entity":{"textureIndex":8,"rotation":0,"health":0}}],[{"tile":{"textureIndex":12,"rotation":0},"item":{"textureIndex":8,"rotation":0},"obstacle":{"textureIndex":8,"rotation":0},"entity":{"textureIndex":8,"rotation":0,"health":0}},{"tile":{"textureIndex":12,"rotation":0},"item":{"textureIndex":8,"rotation":0},"obstacle":{"textureIndex":8,"rotation":0},"entity":{"textureIndex":8,"rotation":0,"health":0}},{"tile":{"textureIndex":12,"rotation":0},"item":{"textureIndex":8,"rotation":0},"obstacle":{"textureIndex":8,"rotation":0},"entity":{"textureIndex":8,"rotation":0,"health":0}},{"tile":{"textureIndex":12,"rotation":0},"item":{"textureIndex":8,"rotation":0},"obstacle":{"textureIndex":8,"rotation":0},"entity":{"textureIndex":8,"rotation":0,"health":0}},{"tile":{"textureIndex":12,"rotation":0},"item":{"textureIndex":8,"rotation":0},"obstacle":{"textureIndex":8,"rotation":0},"entity":{"textureIndex":8,"rotation":0,"health":0}},{"tile":{"textureIndex":12,"rotation":0},"item":{"textureIndex":8,"rotation":0},"obstacle":{"textureIndex":8,"rotation":0},"entity":{"textureIndex":8,"rotation":0,"health":0}},{"tile":{"textureIndex":12,"rotation":0},"item":{"textureIndex":8,"rotation":0},"obstacle":{"textureIndex":8,"rotation":0},"entity":{"textureIndex":8,"rotation":0,"health":0}},{"tile":{"textureIndex":12,"rotation":0},"item":{"textureIndex":8,"rotation":0},"obstacle":{"textureIndex":8,"rotation":0},"entity":{"textureIndex":8,"rotation":0,"health":0}},{"tile":{"textureIndex":12,"rotation":0},"item":{"textureIndex":8,"rotation":0},"obstacle":{"textureIndex":8,"rotation":0},"entity":{"textureIndex":11,"rotation":90,"health":0}},{"tile":{"textureIndex":12,"rotation":0},"item":{"textureIndex":8,"rotation":0},"obstacle":{"textureIndex":8,"rotation":0},"entity":{"textureIndex":10,"rotation":90,"health":0}},{"tile":{"textureIndex":12,"rotation":0},"item":{"textureIndex":8,"rotation":0},"obstacle":{"textureIndex":8,"rotation":0},"entity":{"textureIndex":8,"rotation":90,"health":0}},{"tile":{"textureIndex":12,"rotation":0},"item":{"textureIndex":8,"rotation":0},"obstacle":{"textureIndex":8,"rotation":0},"entity":{"textureIndex":10,"rotation":90,"health":0}},{"tile":{"textureIndex":12,"rotation":0},"item":{"textureIndex":8,"rotation":0},"obstacle":{"textureIndex":8,"rotation":0},"entity":{"textureIndex":8,"rotation":90,"health":0}},{"tile":{"textureIndex":12,"rotation":0},"item":{"textureIndex":8,"rotation":0},"obstacle":{"textureIndex":8,"rotation":0},"entity":{"textureIndex":10,"rotation":90,"health":0}},{"tile":{"textureIndex":12,"rotation":0},"item":{"textureIndex":8,"rotation":0},"obstacle":{"textureIndex":8,"rotation":0},"entity":{"textureIndex":8,"rotation":90,"health":0}},{"tile":{"textureIndex":12,"rotation":0},"item":{"textureIndex":8,"rotation":0},"obstacle":{"textureIndex":8,"rotation":0},"entity":{"textureIndex":8,"rotation":90,"health":0}},{"tile":{"textureIndex":12,"rotation":0},"item":{"textureIndex":7,"rotation":0},"obstacle":{"textureIndex":8,"rotation":0},"entity":{"textureIndex":11,"rotation":-90,"health":0}},{"tile":{"textureIndex":12,"rotation":0},"item":{"textureIndex":7,"rotation":0},"obstacle":{"textureIndex":8,"rotation":0},"entity":{"textureIndex":8,"rotation":-90,"health":0}},{"tile":{"textureIndex":12,"rotation":0},"item":{"textureIndex":7,"rotation":0},"obstacle":{"textureIndex":8,"rotation":0},"entity":{"textureIndex":8,"rotation":0,"health":0}},{"tile":{"textureIndex":12,"rotation":0},"item":{"textureIndex":7,"rotation":0},"obstacle":{"textureIndex":8,"rotation":0},"entity":{"textureIndex":8,"rotation":0,"health":0}}],[{"tile":{"textureIndex":12,"rotation":0},"item":{"textureIndex":8,"rotation":0},"obstacle":{"textureIndex":8,"rotation":0},"entity":{"textureIndex":8,"rotation":0,"health":0}},{"tile":{"textureIndex":12,"rotation":0},"item":{"textureIndex":15,"rotation":0,"link":[3,2,"level_1"]},"obstacle":{"textureIndex":8,"rotation":0},"entity":{"textureIndex":8,"rotation":0,"health":0}},{"tile":{"textureIndex":12,"rotation":0},"item":{"textureIndex":8,"rotation":0},"obstacle":{"textureIndex":8,"rotation":0},"entity":{"textureIndex":8,"rotation":0,"health":0}},{"tile":{"textureIndex":12,"rotation":0},"item":{"textureIndex":8,"rotation":0},"obstacle":{"textureIndex":8,"rotation":0},"entity":{"textureIndex":8,"rotation":0,"health":0}},{"tile":{"textureIndex":12,"rotation":0},"item":{"textureIndex":8,"rotation":0},"obstacle":{"textureIndex":8,"rotation":0},"entity":{"textureIndex":8,"rotation":0,"health":0}},{"tile":{"textureIndex":12,"rotation":0},"item":{"textureIndex":8,"rotation":0},"obstacle":{"textureIndex":8,"rotation":0},"entity":{"textureIndex":8,"rotation":0,"health":0}},{"tile":{"textureIndex":12,"rotation":0},"item":{"textureIndex":8,"rotation":0},"obstacle":{"textureIndex":8,"rotation":0},"entity":{"textureIndex":8,"rotation":0,"health":0}},{"tile":{"textureIndex":12,"rotation":0},"item":{"textureIndex":7,"rotation":0},"obstacle":{"textureIndex":8,"rotation":0},"entity":{"textureIndex":8,"rotation":0,"health":0}},{"tile":{"textureIndex":12,"rotation":0},"item":{"textureIndex":8,"rotation":0},"obstacle":{"textureIndex":8,"rotation":0},"entity":{"textureIndex":8,"rotation":0,"health":0}},{"tile":{"textureIndex":12,"rotation":0},"item":{"textureIndex":8,"rotation":0},"obstacle":{"textureIndex":8,"rotation":0},"entity":{"textureIndex":8,"rotation":0,"health":0}},{"tile":{"textureIndex":12,"rotation":0},"item":{"textureIndex":8,"rotation":0},"obstacle":{"textureIndex":8,"rotation":0},"entity":{"textureIndex":8,"rotation":0,"health":0}},{"tile":{"textureIndex":12,"rotation":0},"item":{"textureIndex":8,"rotation":0},"obstacle":{"textureIndex":8,"rotation":0},"entity":{"textureIndex":11,"rotation":0,"health":5}},{"tile":{"textureIndex":12,"rotation":0},"item":{"textureIndex":8,"rotation":0},"obstacle":{"textureIndex":8,"rotation":0},"entity":{"textureIndex":8,"rotation":0,"health":0}},{"tile":{"textureIndex":12,"rotation":0},"item":{"textureIndex":8,"rotation":0},"obstacle":{"textureIndex":8,"rotation":0},"entity":{"textureIndex":8,"rotation":0,"health":0}},{"tile":{"textureIndex":12,"rotation":0},"item":{"textureIndex":8,"rotation":0},"obstacle":{"textureIndex":8,"rotation":0},"entity":{"textureIndex":8,"rotation":0,"health":0}},{"tile":{"textureIndex":12,"rotation":0},"item":{"textureIndex":7,"rotation":0},"obstacle":{"textureIndex":8,"rotation":0},"entity":{"textureIndex":8,"rotation":180,"health":0}},{"tile":{"textureIndex":12,"rotation":0},"item":{"textureIndex":8,"rotation":0},"obstacle":{"textureIndex":8,"rotation":0},"entity":{"textureIndex":8,"rotation":0,"health":0}},{"tile":{"textureIndex":12,"rotation":0},"item":{"textureIndex":7,"rotation":0},"obstacle":{"textureIndex":8,"rotation":0},"entity":{"textureIndex":8,"rotation":0,"health":0}},{"tile":{"textureIndex":12,"rotation":0},"item":{"textureIndex":8,"rotation":0},"obstacle":{"textureIndex":8,"rotation":0},"entity":{"textureIndex":8,"rotation":0,"health":0}},{"tile":{"textureIndex":12,"rotation":0},"item":{"textureIndex":8,"rotation":0},"obstacle":{"textureIndex":8,"rotation":0},"entity":{"textureIndex":8,"rotation":0,"health":0}}],[{"tile":{"textureIndex":12,"rotation":0},"item":{"textureIndex":8,"rotation":0},"obstacle":{"textureIndex":8,"rotation":0},"entity":{"textureIndex":8,"rotation":0,"health":0}},{"tile":{"textureIndex":12,"rotation":0},"item":{"textureIndex":8,"rotation":0},"obstacle":{"textureIndex":8,"rotation":0},"entity":{"textureIndex":8,"rotation":0,"health":0}},{"tile":{"textureIndex":12,"rotation":0},"item":{"textureIndex":8,"rotation":0},"obstacle":{"textureIndex":8,"rotation":0},"entity":{"textureIndex":8,"rotation":0,"health":0}},{"tile":{"textureIndex":12,"rotation":0},"item":{"textureIndex":8,"rotation":0},"obstacle":{"textureIndex":8,"rotation":0},"entity":{"textureIndex":8,"rotation":0,"health":0}},{"tile":{"textureIndex":12,"rotation":0},"item":{"textureIndex":8,"rotation":0},"obstacle":{"textureIndex":8,"rotation":0},"entity":{"textureIndex":8,"rotation":0,"health":0}},{"tile":{"textureIndex":12,"rotation":0},"item":{"textureIndex":8,"rotation":0},"obstacle":{"textureIndex":8,"rotation":0},"entity":{"textureIndex":8,"rotation":0,"health":0}},{"tile":{"textureIndex":12,"rotation":0},"item":{"textureIndex":8,"rotation":0},"obstacle":{"textureIndex":8,"rotation":0},"entity":{"textureIndex":8,"rotation":0,"health":0}},{"tile":{"textureIndex":12,"rotation":0},"item":{"textureIndex":7,"rotation":0},"obstacle":{"textureIndex":8,"rotation":0},"entity":{"textureIndex":8,"rotation":0,"health":0}},{"tile":{"textureIndex":12,"rotation":0},"item":{"textureIndex":8,"rotation":0},"obstacle":{"textureIndex":8,"rotation":0},"entity":{"textureIndex":8,"rotation":0,"health":0}},{"tile":{"textureIndex":12,"rotation":0},"item":{"textureIndex":8,"rotation":0},"obstacle":{"textureIndex":8,"rotation":0},"entity":{"textureIndex":8,"rotation":0,"health":0}},{"tile":{"textureIndex":12,"rotation":0},"item":{"textureIndex":7,"rotation":0},"obstacle":{"textureIndex":8,"rotation":0},"entity":{"textureIndex":8,"rotation":0,"health":0}},{"tile":{"textureIndex":12,"rotation":0},"item":{"textureIndex":8,"rotation":0},"obstacle":{"textureIndex":8,"rotation":0},"entity":{"textureIndex":8,"rotation":0,"health":0}},{"tile":{"textureIndex":12,"rotation":0},"item":{"textureIndex":7,"rotation":0},"obstacle":{"textureIndex":8,"rotation":0},"entity":{"textureIndex":8,"rotation":0,"health":0}},{"tile":{"textureIndex":12,"rotation":0},"item":{"textureIndex":7,"rotation":0},"obstacle":{"textureIndex":8,"rotation":0},"entity":{"textureIndex":8,"rotation":0,"health":0}},{"tile":{"textureIndex":12,"rotation":0},"item":{"textureIndex":8,"rotation":0},"obstacle":{"textureIndex":8,"rotation":0},"entity":{"textureIndex":8,"rotation":0,"health":0}},{"tile":{"textureIndex":12,"rotation":0},"item":{"textureIndex":8,"rotation":0},"obstacle":{"textureIndex":8,"rotation":0},"entity":{"textureIndex":8,"rotation":0,"health":0}},{"tile":{"textureIndex":12,"rotation":0},"item":{"textureIndex":8,"rotation":0},"obstacle":{"textureIndex":8,"rotation":0},"entity":{"textureIndex":8,"rotation":0,"health":0}},{"tile":{"textureIndex":12,"rotation":0},"item":{"textureIndex":8,"rotation":0},"obstacle":{"textureIndex":8,"rotation":0},"entity":{"textureIndex":8,"rotation":0,"health":0}},{"tile":{"textureIndex":12,"rotation":0},"item":{"textureIndex":8,"rotation":0},"obstacle":{"textureIndex":8,"rotation":0},"entity":{"textureIndex":8,"rotation":0,"health":0}},{"tile":{"textureIndex":12,"rotation":0},"item":{"textureIndex":8,"rotation":0},"obstacle":{"textureIndex":6,"rotation":0},"entity":{"textureIndex":8,"rotation":0,"health":0}}],[{"tile":{"textureIndex":12,"rotation":0},"item":{"textureIndex":8,"rotation":0},"obstacle":{"textureIndex":8,"rotation":0},"entity":{"textureIndex":8,"rotation":0,"health":0}},{"tile":{"textureIndex":12,"rotation":0},"item":{"textureIndex":8,"rotation":0},"obstacle":{"textureIndex":8,"rotation":0},"entity":{"textureIndex":8,"rotation":0,"health":0}},{"tile":{"textureIndex":12,"rotation":0},"item":{"textureIndex":8,"rotation":0},"obstacle":{"textureIndex":8,"rotation":0},"entity":{"textureIndex":8,"rotation":0,"health":0}},{"tile":{"textureIndex":12,"rotation":0},"item":{"textureIndex":7,"rotation":0},"obstacle":{"textureIndex":8,"rotation":0},"entity":{"textureIndex":8,"rotation":0,"health":0}},{"tile":{"textureIndex":12,"rotation":0},"item":{"textureIndex":7,"rotation":0},"obstacle":{"textureIndex":8,"rotation":0},"entity":{"textureIndex":8,"rotation":0,"health":0}},{"tile":{"textureIndex":12,"rotation":0},"item":{"textureIndex":7,"rotation":0},"obstacle":{"textureIndex":8,"rotation":0},"entity":{"textureIndex":8,"rotation":0,"health":0}},{"tile":{"textureIndex":12,"rotation":0},"item":{"textureIndex":7,"rotation":0},"obstacle":{"textureIndex":8,"rotation":0},"entity":{"textureIndex":8,"rotation":0,"health":0}},{"tile":{"textureIndex":12,"rotation":0},"item":{"textureIndex":7,"rotation":0},"obstacle":{"textureIndex":8,"rotation":0},"entity":{"textureIndex":8,"rotation":0,"health":0}},{"tile":{"textureIndex":12,"rotation":0},"item":{"textureIndex":8,"rotation":0},"obstacle":{"textureIndex":8,"rotation":0},"entity":{"textureIndex":8,"rotation":0,"health":0}},{"tile":{"textureIndex":12,"rotation":0},"item":{"textureIndex":8,"rotation":0},"obstacle":{"textureIndex":8,"rotation":0},"entity":{"textureIndex":8,"rotation":0,"health":0}},{"tile":{"textureIndex":12,"rotation":0},"item":{"textureIndex":8,"rotation":0},"obstacle":{"textureIndex":8,"rotation":0},"entity":{"textureIndex":8,"rotation":0,"health":0}},{"tile":{"textureIndex":12,"rotation":0},"item":{"textureIndex":8,"rotation":0},"obstacle":{"textureIndex":8,"rotation":0},"entity":{"textureIndex":8,"rotation":0,"health":0}},{"tile":{"textureIndex":12,"rotation":0},"item":{"textureIndex":8,"rotation":0},"obstacle":{"textureIndex":8,"rotation":0},"entity":{"textureIndex":8,"rotation":0,"health":0}},{"tile":{"textureIndex":12,"rotation":0},"item":{"textureIndex":8,"rotation":0},"obstacle":{"textureIndex":8,"rotation":0},"entity":{"textureIndex":8,"rotation":0,"health":0}},{"tile":{"textureIndex":12,"rotation":0},"item":{"textureIndex":8,"rotation":0},"obstacle":{"textureIndex":8,"rotation":0},"entity":{"textureIndex":8,"rotation":0,"health":0}},{"tile":{"textureIndex":12,"rotation":0},"item":{"textureIndex":8,"rotation":0},"obstacle":{"textureIndex":8,"rotation":0},"entity":{"textureIndex":8,"rotation":0,"health":0}},{"tile":{"textureIndex":12,"rotation":0},"item":{"textureIndex":8,"rotation":0},"obstacle":{"textureIndex":6,"rotation":0},"entity":{"textureIndex":8,"rotation":0,"health":0}},{"tile":{"textureIndex":12,"rotation":0},"item":{"textureIndex":8,"rotation":0},"obstacle":{"textureIndex":6,"rotation":0},"entity":{"textureIndex":8,"rotation":0,"health":0}},{"tile":{"textureIndex":12,"rotation":0},"item":{"textureIndex":8,"rotation":0},"obstacle":{"textureIndex":6,"rotation":0},"entity":{"textureIndex":8,"rotation":0,"health":0}},{"tile":{"textureIndex":12,"rotation":0},"item":{"textureIndex":8,"rotation":0},"obstacle":{"textureIndex":6,"rotation":0},"entity":{"textureIndex":8,"rotation":0,"health":0}}],[{"tile":{"textureIndex":12,"rotation":0},"item":{"textureIndex":8,"rotation":0},"obstacle":{"textureIndex":8,"rotation":0},"entity":{"textureIndex":8,"rotation":0,"health":0}},{"tile":{"textureIndex":12,"rotation":0},"item":{"textureIndex":8,"rotation":0},"obstacle":{"textureIndex":8,"rotation":0},"entity":{"textureIndex":8,"rotation":0,"health":0}},{"tile":{"textureIndex":12,"rotation":0},"item":{"textureIndex":8,"rotation":0},"obstacle":{"textureIndex":8,"rotation":0},"entity":{"textureIndex":8,"rotation":0,"health":0}},{"tile":{"textureIndex":12,"rotation":0},"item":{"textureIndex":7,"rotation":0},"obstacle":{"textureIndex":8,"rotation":0},"entity":{"textureIndex":8,"rotation":0,"health":0}},{"tile":{"textureIndex":12,"rotation":0},"item":{"textureIndex":8,"rotation":0},"obstacle":{"textureIndex":8,"rotation":0},"entity":{"textureIndex":8,"rotation":0,"health":0}},{"tile":{"textureIndex":12,"rotation":0},"item":{"textureIndex":7,"rotation":0},"obstacle":{"textureIndex":8,"rotation":0},"entity":{"textureIndex":8,"rotation":0,"health":0}},{"tile":{"textureIndex":12,"rotation":0},"item":{"textureIndex":8,"rotation":0},"obstacle":{"textureIndex":8,"rotation":0},"entity":{"textureIndex":8,"rotation":0,"health":0}},{"tile":{"textureIndex":12,"rotation":0},"item":{"textureIndex":8,"rotation":0},"obstacle":{"textureIndex":8,"rotation":0},"entity":{"textureIndex":8,"rotation":0,"health":0}},{"tile":{"textureIndex":12,"rotation":0},"item":{"textureIndex":8,"rotation":0},"obstacle":{"textureIndex":8,"rotation":0},"entity":{"textureIndex":8,"rotation":0,"health":0}},{"tile":{"textureIndex":12,"rotation":0},"item":{"textureIndex":8,"rotation":0},"obstacle":{"textureIndex":8,"rotation":0},"entity":{"textureIndex":8,"rotation":0,"health":0}},{"tile":{"textureIndex":12,"rotation":0},"item":{"textureIndex":8,"rotation":0},"obstacle":{"textureIndex":8,"rotation":0},"entity":{"textureIndex":8,"rotation":0,"health":0}},{"tile":{"textureIndex":12,"rotation":0},"item":{"textureIndex":8,"rotation":0},"obstacle":{"textureIndex":6,"rotation":0},"entity":{"textureIndex":8,"rotation":0,"health":0}},{"tile":{"textureIndex":12,"rotation":0},"item":{"textureIndex":8,"rotation":0},"obstacle":{"textureIndex":6,"rotation":0},"entity":{"textureIndex":8,"rotation":0,"health":0}},{"tile":{"textureIndex":12,"rotation":0},"item":{"textureIndex":8,"rotation":0},"obstacle":{"textureIndex":6,"rotation":0},"entity":{"textureIndex":8,"rotation":0,"health":0}},{"tile":{"textureIndex":12,"rotation":0},"item":{"textureIndex":8,"rotation":0},"obstacle":{"textureIndex":6,"rotation":0},"entity":{"textureIndex":8,"rotation":0,"health":0}},{"tile":{"textureIndex":12,"rotation":0},"item":{"textureIndex":8,"rotation":0},"obstacle":{"textureIndex":6,"rotation":0},"entity":{"textureIndex":8,"rotation":0,"health":0}},{"tile":{"textureIndex":12,"rotation":0},"item":{"textureIndex":8,"rotation":0},"obstacle":{"textureIndex":6,"rotation":0},"entity":{"textureIndex":8,"rotation":0,"health":0}},{"tile":{"textureIndex":12,"rotation":0},"item":{"textureIndex":8,"rotation":0},"obstacle":{"textureIndex":6,"rotation":0},"entity":{"textureIndex":8,"rotation":0,"health":0}},{"tile":{"textureIndex":2,"rotation":0},"item":{"textureIndex":8,"rotation":0},"obstacle":{"textureIndex":6,"rotation":0},"entity":{"textureIndex":8,"rotation":0,"health":0}},{"tile":{"textureIndex":2,"rotation":0},"item":{"textureIndex":8,"rotation":0},"obstacle":{"textureIndex":6,"rotation":0},"entity":{"textureIndex":8,"rotation":0,"health":0}}],[{"tile":{"textureIndex":12,"rotation":0},"item":{"textureIndex":7,"rotation":0},"obstacle":{"textureIndex":8,"rotation":0},"entity":{"textureIndex":8,"rotation":0,"health":0}},{"tile":{"textureIndex":12,"rotation":0},"item":{"textureIndex":7,"rotation":0},"obstacle":{"textureIndex":8,"rotation":0},"entity":{"textureIndex":8,"rotation":0,"health":0}},{"tile":{"textureIndex":12,"rotation":0},"item":{"textureIndex":7,"rotation":0},"obstacle":{"textureIndex":8,"rotation":0},"entity":{"textureIndex":8,"rotation":0,"health":0}},{"tile":{"textureIndex":12,"rotation":0},"item":{"textureIndex":7,"rotation":0},"obstacle":{"textureIndex":8,"rotation":0},"entity":{"textureIndex":8,"rotation":0,"health":0}},{"tile":{"textureIndex":12,"rotation":0},"item":{"textureIndex":8,"rotation":0},"obstacle":{"textureIndex":8,"rotation":0},"entity":{"textureIndex":8,"rotation":0,"health":0}},{"tile":{"textureIndex":12,"rotation":0},"item":{"textureIndex":8,"rotation":0},"obstacle":{"textureIndex":8,"rotation":0},"entity":{"textureIndex":8,"rotation":0,"health":0}},{"tile":{"textureIndex":12,"rotation":0},"item":{"textureIndex":8,"rotation":0},"obstacle":{"textureIndex":8,"rotation":0},"entity":{"textureIndex":8,"rotation":0,"health":0}},{"tile":{"textureIndex":12,"rotation":0},"item":{"textureIndex":8,"rotation":0},"obstacle":{"textureIndex":8,"rotation":0},"entity":{"textureIndex":8,"rotation":0,"health":0}},{"tile":{"textureIndex":12,"rotation":0},"item":{"textureIndex":8,"rotation":0},"obstacle":{"textureIndex":8,"rotation":0},"entity":{"textureIndex":8,"rotation":0,"health":0}},{"tile":{"textureIndex":12,"rotation":0},"item":{"textureIndex":8,"rotation":0},"obstacle":{"textureIndex":8,"rotation":0},"entity":{"textureIndex":8,"rotation":0,"health":0}},{"tile":{"textureIndex":12,"rotation":0},"item":{"textureIndex":8,"rotation":0},"obstacle":{"textureIndex":6,"rotation":0},"entity":{"textureIndex":8,"rotation":0,"health":0}},{"tile":{"textureIndex":12,"rotation":0},"item":{"textureIndex":8,"rotation":0},"obstacle":{"textureIndex":6,"rotation":0},"entity":{"textureIndex":8,"rotation":0,"health":0}},{"tile":{"textureIndex":12,"rotation":0},"item":{"textureIndex":8,"rotation":0},"obstacle":{"textureIndex":6,"rotation":0},"entity":{"textureIndex":8,"rotation":0,"health":0}},{"tile":{"textureIndex":12,"rotation":0},"item":{"textureIndex":8,"rotation":0},"obstacle":{"textureIndex":6,"rotation":0},"entity":{"textureIndex":8,"rotation":0,"health":0}},{"tile":{"textureIndex":2,"rotation":0},"item":{"textureIndex":8,"rotation":0},"obstacle":{"textureIndex":6,"rotation":0},"entity":{"textureIndex":8,"rotation":0,"health":0}},{"tile":{"textureIndex":2,"rotation":0},"item":{"textureIndex":8,"rotation":0},"obstacle":{"textureIndex":6,"rotation":0},"entity":{"textureIndex":8,"rotation":0,"health":0}},{"tile":{"textureIndex":2,"rotation":0},"item":{"textureIndex":8,"rotation":0},"obstacle":{"textureIndex":6,"rotation":0},"entity":{"textureIndex":8,"rotation":0,"health":0}},{"tile":{"textureIndex":2,"rotation":0},"item":{"textureIndex":8,"rotation":0},"obstacle":{"textureIndex":8,"rotation":0},"entity":{"textureIndex":8,"rotation":0,"health":0}},{"tile":{"textureIndex":2,"rotation":0},"item":{"textureIndex":8,"rotation":0},"obstacle":{"textureIndex":8,"rotation":0},"entity":{"textureIndex":8,"rotation":0,"health":0}},{"tile":{"textureIndex":2,"rotation":0},"item":{"textureIndex":8,"rotation":0},"obstacle":{"textureIndex":8,"rotation":0},"entity":{"textureIndex":8,"rotation":0,"health":0}}],[{"tile":{"textureIndex":12,"rotation":0},"item":{"textureIndex":8,"rotation":0},"obstacle":{"textureIndex":8,"rotation":0},"entity":{"textureIndex":8,"rotation":0,"health":0}},{"tile":{"textureIndex":12,"rotation":0},"item":{"textureIndex":8,"rotation":0},"obstacle":{"textureIndex":8,"rotation":0},"entity":{"textureIndex":8,"rotation":0,"health":0}},{"tile":{"textureIndex":12,"rotation":0},"item":{"textureIndex":8,"rotation":0},"obstacle":{"textureIndex":8,"rotation":0},"entity":{"textureIndex":8,"rotation":0,"health":0}},{"tile":{"textureIndex":12,"rotation":0},"item":{"textureIndex":8,"rotation":0},"obstacle":{"textureIndex":8,"rotation":0},"entity":{"textureIndex":8,"rotation":0,"health":0}},{"tile":{"textureIndex":12,"rotation":0},"item":{"textureIndex":8,"rotation":0},"obstacle":{"textureIndex":8,"rotation":0},"entity":{"textureIndex":8,"rotation":0,"health":0}},{"tile":{"textureIndex":12,"rotation":0},"item":{"textureIndex":8,"rotation":0},"obstacle":{"textureIndex":8,"rotation":0},"entity":{"textureIndex":8,"rotation":0,"health":0}},{"tile":{"textureIndex":12,"rotation":0},"item":{"textureIndex":8,"rotation":0},"obstacle":{"textureIndex":8,"rotation":0},"entity":{"textureIndex":8,"rotation":0,"health":0}},{"tile":{"textureIndex":12,"rotation":0},"item":{"textureIndex":8,"rotation":0},"obstacle":{"textureIndex":8,"rotation":0},"entity":{"textureIndex":8,"rotation":0,"health":0}},{"tile":{"textureIndex":12,"rotation":0},"item":{"textureIndex":8,"rotation":0},"obstacle":{"textureIndex":8,"rotation":0},"entity":{"textureIndex":8,"rotation":0,"health":0}},{"tile":{"textureIndex":12,"rotation":0},"item":{"textureIndex":8,"rotation":0},"obstacle":{"textureIndex":6,"rotation":0},"entity":{"textureIndex":8,"rotation":0,"health":0}},{"tile":{"textureIndex":12,"rotation":0},"item":{"textureIndex":8,"rotation":0},"obstacle":{"textureIndex":6,"rotation":0},"entity":{"textureIndex":8,"rotation":0,"health":0}},{"tile":{"textureIndex":2,"rotation":0},"item":{"textureIndex":8,"rotation":0},"obstacle":{"textureIndex":6,"rotation":0},"entity":{"textureIndex":8,"rotation":0,"health":0}},{"tile":{"textureIndex":2,"rotation":0},"item":{"textureIndex":8,"rotation":0},"obstacle":{"textureIndex":6,"rotation":0},"entity":{"textureIndex":8,"rotation":0,"health":0}},{"tile":{"textureIndex":2,"rotation":0},"item":{"textureIndex":8,"rotation":0},"obstacle":{"textureIndex":8,"rotation":0},"entity":{"textureIndex":8,"rotation":0,"health":0}},{"tile":{"textureIndex":2,"rotation":0},"item":{"textureIndex":8,"rotation":0},"obstacle":{"textureIndex":8,"rotation":0},"entity":{"textureIndex":8,"rotation":0,"health":0}},{"tile":{"textureIndex":2,"rotation":0},"item":{"textureIndex":8,"rotation":0},"obstacle":{"textureIndex":8,"rotation":0},"entity":{"textureIndex":8,"rotation":0,"health":0}},{"tile":{"textureIndex":2,"rotation":0},"item":{"textureIndex":8,"rotation":0},"obstacle":{"textureIndex":8,"rotation":0},"entity":{"textureIndex":8,"rotation":0,"health":0}},{"tile":{"textureIndex":2,"rotation":0},"item":{"textureIndex":8,"rotation":0},"obstacle":{"textureIndex":8,"rotation":0},"entity":{"textureIndex":8,"rotation":0,"health":0}},{"tile":{"textureIndex":2,"rotation":0},"item":{"textureIndex":8,"rotation":0},"obstacle":{"textureIndex":8,"rotation":0},"entity":{"textureIndex":8,"rotation":0,"health":0}},{"tile":{"textureIndex":2,"rotation":0},"item":{"textureIndex":8,"rotation":0},"obstacle":{"textureIndex":8,"rotation":0},"entity":{"textureIndex":8,"rotation":0,"health":0}}],[{"tile":{"textureIndex":12,"rotation":0},"item":{"textureIndex":8,"rotation":0},"obstacle":{"textureIndex":8,"rotation":0},"entity":{"textureIndex":8,"rotation":0,"health":0}},{"tile":{"textureIndex":12,"rotation":0},"item":{"textureIndex":8,"rotation":0},"obstacle":{"textureIndex":8,"rotation":0},"entity":{"textureIndex":8,"rotation":0,"health":0}},{"tile":{"textureIndex":12,"rotation":0},"item":{"textureIndex":8,"rotation":0},"obstacle":{"textureIndex":8,"rotation":0},"entity":{"textureIndex":8,"rotation":0,"health":0}},{"tile":{"textureIndex":12,"rotation":0},"item":{"textureIndex":8,"rotation":0},"obstacle":{"textureIndex":8,"rotation":0},"entity":{"textureIndex":8,"rotation":-90,"health":0}},{"tile":{"textureIndex":12,"rotation":0},"item":{"textureIndex":8,"rotation":0},"obstacle":{"textureIndex":6,"rotation":0},"entity":{"textureIndex":8,"rotation":0,"health":0}},{"tile":{"textureIndex":12,"rotation":0},"item":{"textureIndex":8,"rotation":0},"obstacle":{"textureIndex":6,"rotation":0},"entity":{"textureIndex":8,"rotation":0,"health":0}},{"tile":{"textureIndex":12,"rotation":0},"item":{"textureIndex":8,"rotation":0},"obstacle":{"textureIndex":6,"rotation":0},"entity":{"textureIndex":8,"rotation":0,"health":0}},{"tile":{"textureIndex":12,"rotation":0},"item":{"textureIndex":8,"rotation":0},"obstacle":{"textureIndex":6,"rotation":0},"entity":{"textureIndex":8,"rotation":0,"health":0}},{"tile":{"textureIndex":12,"rotation":0},"item":{"textureIndex":8,"rotation":0},"obstacle":{"textureIndex":6,"rotation":0},"entity":{"textureIndex":8,"rotation":0,"health":0}},{"tile":{"textureIndex":2,"rotation":0},"item":{"textureIndex":8,"rotation":0},"obstacle":{"textureIndex":6,"rotation":0},"entity":{"textureIndex":8,"rotation":0,"health":0}},{"tile":{"textureIndex":2,"rotation":0},"item":{"textureIndex":8,"rotation":0},"obstacle":{"textureIndex":6,"rotation":0},"entity":{"textureIndex":8,"rotation":0,"health":0}},{"tile":{"textureIndex":2,"rotation":0},"item":{"textureIndex":8,"rotation":0},"obstacle":{"textureIndex":6,"rotation":0},"entity":{"textureIndex":8,"rotation":0,"health":0}},{"tile":{"textureIndex":2,"rotation":0},"item":{"textureIndex":8,"rotation":0},"obstacle":{"textureIndex":8,"rotation":0},"entity":{"textureIndex":8,"rotation":0,"health":0}},{"tile":{"textureIndex":2,"rotation":0},"item":{"textureIndex":8,"rotation":0},"obstacle":{"textureIndex":8,"rotation":0},"entity":{"textureIndex":8,"rotation":0,"health":0}},{"tile":{"textureIndex":2,"rotation":0},"item":{"textureIndex":8,"rotation":0},"obstacle":{"textureIndex":8,"rotation":0},"entity":{"textureIndex":8,"rotation":0,"health":0}},{"tile":{"textureIndex":2,"rotation":0},"item":{"textureIndex":8,"rotation":0},"obstacle":{"textureIndex":8,"rotation":0},"entity":{"textureIndex":8,"rotation":0,"health":0}},{"tile":{"textureIndex":2,"rotation":0},"item":{"textureIndex":8,"rotation":0},"obstacle":{"textureIndex":8,"rotation":0},"entity":{"textureIndex":8,"rotation":0,"health":0}},{"tile":{"textureIndex":2,"rotation":0},"item":{"textureIndex":8,"rotation":0},"obstacle":{"textureIndex":8,"rotation":0},"entity":{"textureIndex":8,"rotation":0,"health":0}},{"tile":{"textureIndex":2,"rotation":0},"item":{"textureIndex":8,"rotation":0},"obstacle":{"textureIndex":8,"rotation":0},"entity":{"textureIndex":8,"rotation":0,"health":0}},{"tile":{"textureIndex":2,"rotation":0},"item":{"textureIndex":8,"rotation":0},"obstacle":{"textureIndex":8,"rotation":0},"entity":{"textureIndex":8,"rotation":0,"health":0}}],[{"tile":{"textureIndex":12,"rotation":0},"item":{"textureIndex":8,"rotation":0},"obstacle":{"textureIndex":8,"rotation":0},"entity":{"textureIndex":8,"rotation":0,"health":0}},{"tile":{"textureIndex":12,"rotation":0},"item":{"textureIndex":8,"rotation":0},"obstacle":{"textureIndex":6,"rotation":0},"entity":{"textureIndex":8,"rotation":0,"health":0}},{"tile":{"textureIndex":12,"rotation":0},"item":{"textureIndex":8,"rotation":0},"obstacle":{"textureIndex":6,"rotation":0},"entity":{"textureIndex":8,"rotation":0,"health":0}},{"tile":{"textureIndex":12,"rotation":0},"item":{"textureIndex":8,"rotation":0},"obstacle":{"textureIndex":6,"rotation":0},"entity":{"textureIndex":8,"rotation":0,"health":0}},{"tile":{"textureIndex":12,"rotation":0},"item":{"textureIndex":8,"rotation":0},"obstacle":{"textureIndex":6,"rotation":0},"entity":{"textureIndex":8,"rotation":0,"health":0}},{"tile":{"textureIndex":12,"rotation":0},"item":{"textureIndex":8,"rotation":0},"obstacle":{"textureIndex":6,"rotation":0},"entity":{"textureIndex":8,"rotation":0,"health":0}},{"tile":{"textureIndex":2,"rotation":0},"item":{"textureIndex":8,"rotation":0},"obstacle":{"textureIndex":6,"rotation":0},"entity":{"textureIndex":8,"rotation":0,"health":0}},{"tile":{"textureIndex":2,"rotation":0},"item":{"textureIndex":8,"rotation":0},"obstacle":{"textureIndex":6,"rotation":0},"entity":{"textureIndex":8,"rotation":0,"health":0}},{"tile":{"textureIndex":2,"rotation":0},"item":{"textureIndex":8,"rotation":0},"obstacle":{"textureIndex":8,"rotation":0},"entity":{"textureIndex":8,"rotation":0,"health":0}},{"tile":{"textureIndex":2,"rotation":0},"item":{"textureIndex":8,"rotation":0},"obstacle":{"textureIndex":8,"rotation":0},"entity":{"textureIndex":8,"rotation":0,"health":0}},{"tile":{"textureIndex":2,"rotation":0},"item":{"textureIndex":8,"rotation":0},"obstacle":{"textureIndex":8,"rotation":0},"entity":{"textureIndex":8,"rotation":0,"health":0}},{"tile":{"textureIndex":2,"rotation":0},"item":{"textureIndex":8,"rotation":0},"obstacle":{"textureIndex":8,"rotation":0},"entity":{"textureIndex":8,"rotation":0,"health":0}},{"tile":{"textureIndex":2,"rotation":0},"item":{"textureIndex":8,"rotation":0},"obstacle":{"textureIndex":8,"rotation":0},"entity":{"textureIndex":8,"rotation":0,"health":0}},{"tile":{"textureIndex":2,"rotation":0},"item":{"textureIndex":8,"rotation":0},"obstacle":{"textureIndex":8,"rotation":0},"entity":{"textureIndex":8,"rotation":0,"health":0}},{"tile":{"textureIndex":2,"rotation":0},"item":{"textureIndex":8,"rotation":0},"obstacle":{"textureIndex":8,"rotation":0},"entity":{"textureIndex":8,"rotation":0,"health":0}},{"tile":{"textureIndex":2,"rotation":0},"item":{"textureIndex":8,"rotation":0},"obstacle":{"textureIndex":8,"rotation":0},"entity":{"textureIndex":8,"rotation":0,"health":0}},{"tile":{"textureIndex":2,"rotation":0},"item":{"textureIndex":8,"rotation":0},"obstacle":{"textureIndex":8,"rotation":0},"entity":{"textureIndex":8,"rotation":0,"health":0}},{"tile":{"textureIndex":2,"rotation":0},"item":{"textureIndex":8,"rotation":0},"obstacle":{"textureIndex":8,"rotation":0},"entity":{"textureIndex":8,"rotation":0,"health":0}},{"tile":{"textureIndex":2,"rotation":0},"item":{"textureIndex":8,"rotation":0},"obstacle":{"textureIndex":8,"rotation":0},"entity":{"textureIndex":8,"rotation":0,"health":0}},{"tile":{"textureIndex":2,"rotation":0},"item":{"textureIndex":8,"rotation":0},"obstacle":{"textureIndex":8,"rotation":0},"entity":{"textureIndex":8,"rotation":0,"health":0}}],[{"tile":{"textureIndex":12,"rotation":0},"item":{"textureIndex":8,"rotation":0},"obstacle":{"textureIndex":6,"rotation":0},"entity":{"textureIndex":8,"rotation":0,"health":0}},{"tile":{"textureIndex":12,"rotation":0},"item":{"textureIndex":8,"rotation":0},"obstacle":{"textureIndex":6,"rotation":0},"entity":{"textureIndex":8,"rotation":0,"health":0}},{"tile":{"textureIndex":2,"rotation":0},"item":{"textureIndex":8,"rotation":0},"obstacle":{"textureIndex":6,"rotation":0},"entity":{"textureIndex":8,"rotation":0,"health":0}},{"tile":{"textureIndex":2,"rotation":0},"item":{"textureIndex":8,"rotation":0},"obstacle":{"textureIndex":6,"rotation":0},"entity":{"textureIndex":8,"rotation":0,"health":0}},{"tile":{"textureIndex":2,"rotation":0},"item":{"textureIndex":8,"rotation":0},"obstacle":{"textureIndex":6,"rotation":0},"entity":{"textureIndex":8,"rotation":0,"health":0}},{"tile":{"textureIndex":2,"rotation":0},"item":{"textureIndex":8,"rotation":0},"obstacle":{"textureIndex":6,"rotation":0},"entity":{"textureIndex":8,"rotation":0,"health":0}},{"tile":{"textureIndex":2,"rotation":0},"item":{"textureIndex":8,"rotation":0},"obstacle":{"textureIndex":8,"rotation":0},"entity":{"textureIndex":8,"rotation":0,"health":0}},{"tile":{"textureIndex":2,"rotation":0},"item":{"textureIndex":8,"rotation":0},"obstacle":{"textureIndex":8,"rotation":0},"entity":{"textureIndex":8,"rotation":0,"health":0}},{"tile":{"textureIndex":2,"rotation":0},"item":{"textureIndex":8,"rotation":0},"obstacle":{"textureIndex":8,"rotation":0},"entity":{"textureIndex":8,"rotation":0,"health":0}},{"tile":{"textureIndex":2,"rotation":0},"item":{"textureIndex":8,"rotation":0},"obstacle":{"textureIndex":8,"rotation":0},"entity":{"textureIndex":8,"rotation":0,"health":0}},{"tile":{"textureIndex":2,"rotation":0},"item":{"textureIndex":8,"rotation":0},"obstacle":{"textureIndex":8,"rotation":0},"entity":{"textureIndex":8,"rotation":0,"health":0}},{"tile":{"textureIndex":2,"rotation":0},"item":{"textureIndex":8,"rotation":0},"obstacle":{"textureIndex":8,"rotation":0},"entity":{"textureIndex":8,"rotation":0,"health":0}},{"tile":{"textureIndex":2,"rotation":0},"item":{"textureIndex":8,"rotation":0},"obstacle":{"textureIndex":8,"rotation":0},"entity":{"textureIndex":8,"rotation":0,"health":0}},{"tile":{"textureIndex":2,"rotation":0},"item":{"textureIndex":8,"rotation":0},"obstacle":{"textureIndex":8,"rotation":0},"entity":{"textureIndex":8,"rotation":0,"health":0}},{"tile":{"textureIndex":2,"rotation":0},"item":{"textureIndex":8,"rotation":0},"obstacle":{"textureIndex":8,"rotation":0},"entity":{"textureIndex":8,"rotation":0,"health":0}},{"tile":{"textureIndex":2,"rotation":0},"item":{"textureIndex":8,"rotation":0},"obstacle":{"textureIndex":8,"rotation":0},"entity":{"textureIndex":8,"rotation":0,"health":0}},{"tile":{"textureIndex":2,"rotation":0},"item":{"textureIndex":8,"rotation":0},"obstacle":{"textureIndex":8,"rotation":0},"entity":{"textureIndex":8,"rotation":0,"health":0}},{"tile":{"textureIndex":2,"rotation":0},"item":{"textureIndex":8,"rotation":0},"obstacle":{"textureIndex":8,"rotation":0},"entity":{"textureIndex":8,"rotation":0,"health":0}},{"tile":{"textureIndex":2,"rotation":0},"item":{"textureIndex":8,"rotation":0},"obstacle":{"textureIndex":8,"rotation":0},"entity":{"textureIndex":8,"rotation":0,"health":0}},{"tile":{"textureIndex":2,"rotation":0},"item":{"textureIndex":8,"rotation":0},"obstacle":{"textureIndex":8,"rotation":0},"entity":{"textureIndex":8,"rotation":0,"health":0}}],[{"tile":{"textureIndex":2,"rotation":0},"item":{"textureIndex":8,"rotation":0},"obstacle":{"textureIndex":6,"rotation":0},"entity":{"textureIndex":8,"rotation":0,"health":0}},{"tile":{"textureIndex":2,"rotation":0},"item":{"textureIndex":8,"rotation":0},"obstacle":{"textureIndex":6,"rotation":0},"entity":{"textureIndex":8,"rotation":0,"health":0}},{"tile":{"textureIndex":2,"rotation":0},"item":{"textureIndex":8,"rotation":0},"obstacle":{"textureIndex":6,"rotation":0},"entity":{"textureIndex":8,"rotation":0,"health":0}},{"tile":{"textureIndex":2,"rotation":0},"item":{"textureIndex":8,"rotation":0},"obstacle":{"textureIndex":8,"rotation":0},"entity":{"textureIndex":8,"rotation":0,"health":0}},{"tile":{"textureIndex":2,"rotation":0},"item":{"textureIndex":8,"rotation":0},"obstacle":{"textureIndex":8,"rotation":0},"entity":{"textureIndex":8,"rotation":0,"health":0}},{"tile":{"textureIndex":2,"rotation":0},"item":{"textureIndex":8,"rotation":0},"obstacle":{"textureIndex":8,"rotation":0},"entity":{"textureIndex":8,"rotation":0,"health":0}},{"tile":{"textureIndex":2,"rotation":0},"item":{"textureIndex":8,"rotation":0},"obstacle":{"textureIndex":8,"rotation":0},"entity":{"textureIndex":8,"rotation":0,"health":0}},{"tile":{"textureIndex":2,"rotation":0},"item":{"textureIndex":8,"rotation":0},"obstacle":{"textureIndex":8,"rotation":0},"entity":{"textureIndex":8,"rotation":0,"health":0}},{"tile":{"textureIndex":2,"rotation":0},"item":{"textureIndex":8,"rotation":0},"obstacle":{"textureIndex":8,"rotation":0},"entity":{"textureIndex":8,"rotation":0,"health":0}},{"tile":{"textureIndex":2,"rotation":0},"item":{"textureIndex":8,"rotation":0},"obstacle":{"textureIndex":8,"rotation":0},"entity":{"textureIndex":8,"rotation":0,"health":0}},{"tile":{"textureIndex":2,"rotation":0},"item":{"textureIndex":8,"rotation":0},"obstacle":{"textureIndex":8,"rotation":0},"entity":{"textureIndex":8,"rotation":0,"health":0}},{"tile":{"textureIndex":2,"rotation":0},"item":{"textureIndex":8,"rotation":0},"obstacle":{"textureIndex":8,"rotation":0},"entity":{"textureIndex":8,"rotation":0,"health":0}},{"tile":{"textureIndex":2,"rotation":0},"item":{"textureIndex":8,"rotation":0},"obstacle":{"textureIndex":8,"rotation":0},"entity":{"textureIndex":8,"rotation":0,"health":0}},{"tile":{"textureIndex":2,"rotation":0},"item":{"textureIndex":8,"rotation":0},"obstacle":{"textureIndex":8,"rotation":0},"entity":{"textureIndex":8,"rotation":0,"health":0}},{"tile":{"textureIndex":2,"rotation":0},"item":{"textureIndex":8,"rotation":0},"obstacle":{"textureIndex":8,"rotation":0},"entity":{"textureIndex":8,"rotation":0,"health":0}},{"tile":{"textureIndex":2,"rotation":0},"item":{"textureIndex":8,"rotation":0},"obstacle":{"textureIndex":8,"rotation":0},"entity":{"textureIndex":8,"rotation":0,"health":0}},{"tile":{"textureIndex":2,"rotation":0},"item":{"textureIndex":8,"rotation":0},"obstacle":{"textureIndex":8,"rotation":0},"entity":{"textureIndex":8,"rotation":0,"health":0}},{"tile":{"textureIndex":2,"rotation":0},"item":{"textureIndex":8,"rotation":0},"obstacle":{"textureIndex":8,"rotation":0},"entity":{"textureIndex":8,"rotation":0,"health":0}},{"tile":{"textureIndex":2,"rotation":0},"item":{"textureIndex":8,"rotation":0},"obstacle":{"textureIndex":8,"rotation":0},"entity":{"textureIndex":8,"rotation":0,"health":0}},{"tile":{"textureIndex":2,"rotation":0},"item":{"textureIndex":8,"rotation":0},"obstacle":{"textureIndex":8,"rotation":0},"entity":{"textureIndex":8,"rotation":0,"health":0}}]]